id,github_repo_id,name,path,sha,size_bytes,file_url,git_url,html_url,download_url,file_type,content_snippet
1,1,AGENTS.md,AGENTS.md,0c0df1688c1f6430aeda35259c8403190cefe773,,https://api.github.com/repositories/295375538/contents/AGENTS.md?ref=f29898869bd842254029f01277f98726dd23e876,https://api.github.com/repositories/295375538/git/blobs/0c0df1688c1f6430aeda35259c8403190cefe773,https://github.com/daangn/stackflow/blob/f29898869bd842254029f01277f98726dd23e876/AGENTS.md,,agents_md,
2,2,agents.md,agents.md,14a9b23aedb12e3f42b1ff42738563c473788e8e,,https://api.github.com/repositories/236324177/contents/agents.md?ref=5922d07a427be77ec248b7b698583c8bc5dddb5a,https://api.github.com/repositories/236324177/git/blobs/14a9b23aedb12e3f42b1ff42738563c473788e8e,https://github.com/arnarg/config/blob/5922d07a427be77ec248b7b698583c8bc5dddb5a/agents.md,,agents_md,
3,3,AGENTS.md,AGENTS.md,13f6130ea5a92431bbd620c156950d055d821bd3,,https://api.github.com/repositories/913540439/contents/AGENTS.md?ref=bfd70147d6eb8a963d1396304b362804cdea8df4,https://api.github.com/repositories/913540439/git/blobs/13f6130ea5a92431bbd620c156950d055d821bd3,https://github.com/hotovo/aider-desk/blob/bfd70147d6eb8a963d1396304b362804cdea8df4/AGENTS.md,,agents_md,
4,4,Agents.md,Agents.md,0f11e2f29ae65ea187bbf4c43d9e88f6c57dfc3c,,https://api.github.com/repositories/546611239/contents/Agents.md?ref=880fb900c6e351104cfc0136cffa4702a2afa73e,https://api.github.com/repositories/546611239/git/blobs/0f11e2f29ae65ea187bbf4c43d9e88f6c57dfc3c,https://github.com/Chaoses-Ib/ArtificialIntelligence/blob/880fb900c6e351104cfc0136cffa4702a2afa73e/Agents.md,,agents_md,
5,5,AGENTS.MD,AGENTS.MD,158447736ad8b9910e577c2112728d3482ee81d7,,https://api.github.com/repositories/995186407/contents/AGENTS.MD?ref=0341adac23294499f4a93dc3890dcaf90c94ec4a,https://api.github.com/repositories/995186407/git/blobs/158447736ad8b9910e577c2112728d3482ee81d7,https://github.com/marcusglee11/deal-ai/blob/0341adac23294499f4a93dc3890dcaf90c94ec4a/AGENTS.MD,,agents_md,
6,6,agents.MD,agents.MD,093b474600c008f4ec9e957197a3aa5a99980c01,,https://api.github.com/repositories/1034619043/contents/agents.MD?ref=7a688b3460ce1456068aa01f7b47031b59640b4e,https://api.github.com/repositories/1034619043/git/blobs/093b474600c008f4ec9e957197a3aa5a99980c01,https://github.com/atopile/hivehaus/blob/7a688b3460ce1456068aa01f7b47031b59640b4e/agents.MD,,agents_md,
7,7,AGENTS.md,AGENTS.md,08f858e6004eaf0a57a522e8b3aaae3bf9d2ea27,,https://api.github.com/repositories/668493044/contents/AGENTS.md?ref=57cf9706307225d2f3f2cf7462adc7ed498c1684,https://api.github.com/repositories/668493044/git/blobs/08f858e6004eaf0a57a522e8b3aaae3bf9d2ea27,https://github.com/514-labs/moosestack/blob/57cf9706307225d2f3f2cf7462adc7ed498c1684/AGENTS.md,,agents_md,
8,8,Agents.md,Agents.md,101f14a85a8d18981f09d7f2d7256170498f9949,,https://api.github.com/repositories/892873522/contents/Agents.md?ref=4a9caefd02225e2cfeaa0f6414d65d39577ccf8a,https://api.github.com/repositories/892873522/git/blobs/101f14a85a8d18981f09d7f2d7256170498f9949,https://github.com/jeffmo/libgraphql/blob/4a9caefd02225e2cfeaa0f6414d65d39577ccf8a/Agents.md,,agents_md,
9,9,agents.md,agents.md,21224429c071d526f5a4941558496dc89eb7a7f7,,https://api.github.com/repositories/1037506200/contents/agents.md?ref=d7f964446706a9f575c59e34ac3b48e6e9d558b4,https://api.github.com/repositories/1037506200/git/blobs/21224429c071d526f5a4941558496dc89eb7a7f7,https://github.com/dbartley18/Riva/blob/d7f964446706a9f575c59e34ac3b48e6e9d558b4/agents.md,,agents_md,
10,10,AGENTS.MD,AGENTS.MD,0bda48fa8ac159080ecf71c4d30c167f7f933b99,,https://api.github.com/repositories/1003933584/contents/AGENTS.MD?ref=660321566ae5fd76e09cd5a0046570517c0757b0,https://api.github.com/repositories/1003933584/git/blobs/0bda48fa8ac159080ecf71c4d30c167f7f933b99,https://github.com/cskcvarma/voice_transcriber/blob/660321566ae5fd76e09cd5a0046570517c0757b0/AGENTS.MD,,agents_md,
11,11,AGENTS.md,AGENTS.md,181788f9c1b0ab44411694d3479a0e2f9e6b42c3,,https://api.github.com/repositories/463116412/contents/AGENTS.md?ref=cd77a8aa4978a00b9f382255cd74e5c72af55c2c,https://api.github.com/repositories/463116412/git/blobs/181788f9c1b0ab44411694d3479a0e2f9e6b42c3,https://github.com/seasonedcc/remix-forms/blob/cd77a8aa4978a00b9f382255cd74e5c72af55c2c/AGENTS.md,,agents_md,
12,12,Agents.md,Agents.md,1b05aff26712af43a5096039fd0be9d2b0208568,,https://api.github.com/repositories/1021580880/contents/Agents.md?ref=0a8a2e580db637a48a7a4b3dcf3dee746671a4ab,https://api.github.com/repositories/1021580880/git/blobs/1b05aff26712af43a5096039fd0be9d2b0208568,https://github.com/logicmoo/ace_llm_logic/blob/0a8a2e580db637a48a7a4b3dcf3dee746671a4ab/Agents.md,,agents_md,
13,13,agents.md,agents.md,1625ef7f0161bd41866bdbdd6332d68a4b4f7a0d,,https://api.github.com/repositories/984230627/contents/agents.md?ref=9805d5b8cb41e48cba6d256514bafe135c561c07,https://api.github.com/repositories/984230627/git/blobs/1625ef7f0161bd41866bdbdd6332d68a4b4f7a0d,https://github.com/mcmespana/mcmapp/blob/9805d5b8cb41e48cba6d256514bafe135c561c07/agents.md,,agents_md,
14,14,AGENTS.MD,AGENTS.MD,0985ca0b8041118bd83250fdd5431868c9a52db8,,https://api.github.com/repositories/1003638491/contents/AGENTS.MD?ref=e4e2f3bad58984789d1272be83786f47600ba0f8,https://api.github.com/repositories/1003638491/git/blobs/0985ca0b8041118bd83250fdd5431868c9a52db8,https://github.com/andbeder/PurpleFox/blob/e4e2f3bad58984789d1272be83786f47600ba0f8/AGENTS.MD,,agents_md,
15,15,AGENTS.md,AGENTS.md,0eac8c1ad958ea391971d41919a5e0cfd90b6e98,,https://api.github.com/repositories/11823487/contents/AGENTS.md?ref=3d3141c53a9d5197b8d8d4069fddddf386cb76cc,https://api.github.com/repositories/11823487/git/blobs/0eac8c1ad958ea391971d41919a5e0cfd90b6e98,https://github.com/fooplugins/foogallery/blob/3d3141c53a9d5197b8d8d4069fddddf386cb76cc/AGENTS.md,,agents_md,
16,16,Agents.md,Agents.md,0e7e8da5fc9fb4fd935fb41440290ccd7ea26011,,https://api.github.com/repositories/1022242179/contents/Agents.md?ref=1c2f4a5c5e4fcd4b475a109bd165ab1dc90d8986,https://api.github.com/repositories/1022242179/git/blobs/0e7e8da5fc9fb4fd935fb41440290ccd7ea26011,https://github.com/lwhela12/AI-Screenwriting-Tool/blob/1c2f4a5c5e4fcd4b475a109bd165ab1dc90d8986/Agents.md,,agents_md,
17,17,agents.md,agents.md,0c69ddc02006ec8971bb20557e4d52f9c0b25ce1,,https://api.github.com/repositories/1005479435/contents/agents.md?ref=7dd314da0cdc3ac32adeb26096678a7e2f55ca5c,https://api.github.com/repositories/1005479435/git/blobs/0c69ddc02006ec8971bb20557e4d52f9c0b25ce1,https://github.com/samni728/tts-chrome-extension/blob/7dd314da0cdc3ac32adeb26096678a7e2f55ca5c/agents.md,,agents_md,
18,18,AGENTS.MD,AGENTS.MD,02b91ef6e00b823a30e6139c7e87edee752f6dd4,,https://api.github.com/repositories/1043568442/contents/AGENTS.MD?ref=2e942cedba47e586b03942e9fb40ee95c9f77a88,https://api.github.com/repositories/1043568442/git/blobs/02b91ef6e00b823a30e6139c7e87edee752f6dd4,https://github.com/Jimuelzxc/yourfine/blob/2e942cedba47e586b03942e9fb40ee95c9f77a88/AGENTS.MD,,agents_md,
19,19,AGENTS.md,AGENTS.md,043cb3ab466d8fd30585e4595b8abc6bdcb006b8,,https://api.github.com/repositories/570557896/contents/AGENTS.md?ref=a88373073e6266236f91255ea305b38c25cee162,https://api.github.com/repositories/570557896/git/blobs/043cb3ab466d8fd30585e4595b8abc6bdcb006b8,https://github.com/ESPresense/ESPresense-companion/blob/a88373073e6266236f91255ea305b38c25cee162/AGENTS.md,,agents_md,
20,20,agents.md,agents.md,0508a6e6ef85521fa31b08586cd6a19392220011,,https://api.github.com/repositories/1046392632/contents/agents.md?ref=d27d37599d8084f6c3f891a55ab5805e5e670123,https://api.github.com/repositories/1046392632/git/blobs/0508a6e6ef85521fa31b08586cd6a19392220011,https://github.com/rcmiller01/openUI/blob/d27d37599d8084f6c3f891a55ab5805e5e670123/agents.md,,agents_md,
21,21,Agents.md,Agents.md,13b063d8147eb068cb4231737824b6309e2c1658,,https://api.github.com/repositories/833940904/contents/Agents.md?ref=f94a6a6e6080642ced2aeb8ad414cbee5dbccf91,https://api.github.com/repositories/833940904/git/blobs/13b063d8147eb068cb4231737824b6309e2c1658,https://github.com/harirajeev/GenAIProduction/blob/f94a6a6e6080642ced2aeb8ad414cbee5dbccf91/Agents.md,,agents_md,
22,22,Agents.md,Agents.md,17e869d2e13cc96cb424848165f57d0c71d9c40f,,https://api.github.com/repositories/1024451053/contents/Agents.md?ref=788d675693c45d21cae38628888ba307642d9801,https://api.github.com/repositories/1024451053/git/blobs/17e869d2e13cc96cb424848165f57d0c71d9c40f,https://github.com/luizjrlopes/Detetives_da_Aprendizagem/blob/788d675693c45d21cae38628888ba307642d9801/Agents.md,,agents_md,
23,23,Agents.md,Agents.md,03bdb2e54fb5521911db44b026ec8c03f3450243,,https://api.github.com/repositories/1008371164/contents/Agents.md?ref=f89ec2682d01e10c642ab7731d4a6174b30f4fa3,https://api.github.com/repositories/1008371164/git/blobs/03bdb2e54fb5521911db44b026ec8c03f3450243,https://github.com/piizei/a2a-proxy/blob/f89ec2682d01e10c642ab7731d4a6174b30f4fa3/Agents.md,,agents_md,
24,24,Agents.md,Agents.md,01ba52adfb5e93159a4583f9e9851d0877aca566,,https://api.github.com/repositories/983362332/contents/Agents.md?ref=4b094c38cb57f27ecef3ad800236562ba1ce7795,https://api.github.com/repositories/983362332/git/blobs/01ba52adfb5e93159a4583f9e9851d0877aca566,https://github.com/borsic77/laser_slicer/blob/4b094c38cb57f27ecef3ad800236562ba1ce7795/Agents.md,,agents_md,
25,25,Agents.md,AG1_AetherBus/Agents.md,4e643c83b31dd67122e4cbc4c0e5635b4cb2fbac,,https://api.github.com/repositories/980254223/contents/AG1_AetherBus/Agents.md?ref=d2ca2267b5b0a71e7abdd4a1394c724108c3b7bf,https://api.github.com/repositories/980254223/git/blobs/4e643c83b31dd67122e4cbc4c0e5635b4cb2fbac,https://github.com/Agentic1/AG1_AEtherBus/blob/d2ca2267b5b0a71e7abdd4a1394c724108c3b7bf/AG1_AetherBus/Agents.md,,agents_md,
26,26,AGENTS.md,AGENTS.md,071416993cdc9c2e480c24ab335ad2562eed3e20,,https://api.github.com/repositories/724273666/contents/AGENTS.md?ref=3e1aebc5b5ad561fe70ea9d2e36d71afc3b58d3d,https://api.github.com/repositories/724273666/git/blobs/071416993cdc9c2e480c24ab335ad2562eed3e20,https://github.com/sourcegraph/docs/blob/3e1aebc5b5ad561fe70ea9d2e36d71afc3b58d3d/AGENTS.md,,agents_md,
27,27,AGENTS.md,AGENTS.md,10e66d0f24db72d88cc41c6a2715f6abae300c45,,https://api.github.com/repositories/213728552/contents/AGENTS.md?ref=d33a29867686079e7240c94b6c9f605dd87a25a5,https://api.github.com/repositories/213728552/git/blobs/10e66d0f24db72d88cc41c6a2715f6abae300c45,https://github.com/Rello/analytics/blob/d33a29867686079e7240c94b6c9f605dd87a25a5/AGENTS.md,,agents_md,
28,28,AGENTS.md,AGENTS.md,170bbd50062b9b53a87fcfc82e36ea54b6a532b0,,https://api.github.com/repositories/85903189/contents/AGENTS.md?ref=2d5ac9539307d6db22b3364a61063e050c3f20b9,https://api.github.com/repositories/85903189/git/blobs/170bbd50062b9b53a87fcfc82e36ea54b6a532b0,https://github.com/graphql-python/graphql-server/blob/2d5ac9539307d6db22b3364a61063e050c3f20b9/AGENTS.md,,agents_md,
29,29,Agents.md,Agents.md,063db5fd80ed59e728ed3850c10b1ac372777352,,https://api.github.com/repositories/987195572/contents/Agents.md?ref=c56067d8490b4c59174b299ad25a380907b7f90b,https://api.github.com/repositories/987195572/git/blobs/063db5fd80ed59e728ed3850c10b1ac372777352,https://github.com/Jbbrack03/x86toARMJit/blob/c56067d8490b4c59174b299ad25a380907b7f90b/Agents.md,,agents_md,
30,30,Agents.md,Agents.md,0040a52befa9d1bd2535a0d0e82f317b4d429616,,https://api.github.com/repositories/1022870846/contents/Agents.md?ref=124bba0488c8092a5bc23e3ed567a9268951bbac,https://api.github.com/repositories/1022870846/git/blobs/0040a52befa9d1bd2535a0d0e82f317b4d429616,https://github.com/mattsq/anml-exp/blob/124bba0488c8092a5bc23e3ed567a9268951bbac/Agents.md,,agents_md,
31,31,CLAUDE.md,CLAUDE.md,019220a2a7371e81f250c962f401b6745ee2eca4,,https://api.github.com/repositories/711629509/contents/CLAUDE.md?ref=79f82834883a84b6d2e844a4d8d1ae067c2e8db8,https://api.github.com/repositories/711629509/git/blobs/019220a2a7371e81f250c962f401b6745ee2eca4,https://github.com/OpenFeign/querydsl/blob/79f82834883a84b6d2e844a4d8d1ae067c2e8db8/CLAUDE.md,,claude_md,
32,32,claude-prompting-guide.md,lesson-20-edu/blogs/GenAI/claude-prompting-guide.md,77dc92188a4447cac7bf13d56d227490040b1d13,,https://api.github.com/repositories/102971512/contents/lesson-20-edu/blogs/GenAI/claude-prompting-guide.md?ref=813b4899afa8d2e2f703c552db48fa39b36175dd,https://api.github.com/repositories/102971512/git/blobs/77dc92188a4447cac7bf13d56d227490040b1d13,https://github.com/wgong/py4kids/blob/813b4899afa8d2e2f703c552db48fa39b36175dd/lesson-20-edu/blogs/GenAI/claude-prompting-guide.md,,claude_md,
33,33,CLAUDE.md,CLAUDE.md,01a3d912ebab6285a4773d6781470d124add5e35,,https://api.github.com/repositories/322912392/contents/CLAUDE.md?ref=2a1473dcd80bee7769c35e65a37e27c8c9721236,https://api.github.com/repositories/322912392/git/blobs/01a3d912ebab6285a4773d6781470d124add5e35,https://github.com/solectrus/solectrus/blob/2a1473dcd80bee7769c35e65a37e27c8c9721236/CLAUDE.md,,claude_md,
34,34,claude.md,claude.md,03667fa7769ac3afe514e23b755abe859832e109,,https://api.github.com/repositories/990774707/contents/claude.md?ref=d1d1628d4c2344d9763f73d759b2ff4cc0b77eae,https://api.github.com/repositories/990774707/git/blobs/03667fa7769ac3afe514e23b755abe859832e109,https://github.com/ZacCarrico/nof1/blob/d1d1628d4c2344d9763f73d759b2ff4cc0b77eae/claude.md,,claude_md,
35,35,CLAUDE.md,CLAUDE.md,03d3ca66fd0714a9ee7b39a1820e5361f84683ee,,https://api.github.com/repositories/771892181/contents/CLAUDE.md?ref=af45ff06e45830fe7175a5773b06b073ffca6a9a,https://api.github.com/repositories/771892181/git/blobs/03d3ca66fd0714a9ee7b39a1820e5361f84683ee,https://github.com/prestcompany/mindqna-admin/blob/af45ff06e45830fe7175a5773b06b073ffca6a9a/CLAUDE.md,,claude_md,
36,36,Claude.MD,Claude.MD,02cf501fc1a0869b21bfa8af1a9e33214c1def03,,https://api.github.com/repositories/929408965/contents/Claude.MD?ref=d6d5ad4e2f97d772ff1019b600eab5d2aa5f0295,https://api.github.com/repositories/929408965/git/blobs/02cf501fc1a0869b21bfa8af1a9e33214c1def03,https://github.com/jonyardley/Intrada/blob/d6d5ad4e2f97d772ff1019b600eab5d2aa5f0295/Claude.MD,,claude_md,
37,37,CLAUDE.md,CLAUDE.md,0480fa8aa663ae77ff8b9456b1ca2dceb5981bbb,,https://api.github.com/repositories/956256988/contents/CLAUDE.md?ref=15ed46e1d9400e7e74a3cfc994e145b3df9ecb29,https://api.github.com/repositories/956256988/git/blobs/0480fa8aa663ae77ff8b9456b1ca2dceb5981bbb,https://github.com/rsypchenko/next-portfolio/blob/15ed46e1d9400e7e74a3cfc994e145b3df9ecb29/CLAUDE.md,,claude_md,
38,38,CLAUDE.md,CLAUDE.md,029f8cb035d861a953eaedcf0d8bf642b05ac8cc,,https://api.github.com/repositories/1020268064/contents/CLAUDE.md?ref=d97fc043c7a472609760e56e2a99d932203af9b1,https://api.github.com/repositories/1020268064/git/blobs/029f8cb035d861a953eaedcf0d8bf642b05ac8cc,https://github.com/Telmobelsuzarri/Oipet-saude/blob/d97fc043c7a472609760e56e2a99d932203af9b1/CLAUDE.md,,claude_md,
39,39,claude-sdk-docs.md,docs/claude-sdk-docs.md,a8a281f6c1a542cf97c823ca97b0ed2df63dce52,,https://api.github.com/repositories/1044498999/contents/docs/claude-sdk-docs.md?ref=e64b12c27eb2234734237dc29f552ee6f93f6d8e,https://api.github.com/repositories/1044498999/git/blobs/a8a281f6c1a542cf97c823ca97b0ed2df63dce52,https://github.com/technoplato/organic-software/blob/e64b12c27eb2234734237dc29f552ee6f93f6d8e/docs/claude-sdk-docs.md,,claude_md,
40,40,Claude.md,Claude.md,021ce0f79906b956a46421daea611aeef11e757e,,https://api.github.com/repositories/1010498557/contents/Claude.md?ref=6d01378ce99092c3626cba88ebc9b4cd11a9d116,https://api.github.com/repositories/1010498557/git/blobs/021ce0f79906b956a46421daea611aeef11e757e,https://github.com/Clionegohan/iot-temperature-conversion-api/blob/6d01378ce99092c3626cba88ebc9b4cd11a9d116/Claude.md,,claude_md,
41,41,CLAUDE.md,CLAUDE.md,0144b69892042de652c930a57baea5bf54bac508,,https://api.github.com/repositories/1039376369/contents/CLAUDE.md?ref=eff4a2ee3c1248009b76344777929e51ce425b09,https://api.github.com/repositories/1039376369/git/blobs/0144b69892042de652c930a57baea5bf54bac508,https://github.com/davidkarpay/ChatGPT-Sidecar/blob/eff4a2ee3c1248009b76344777929e51ce425b09/CLAUDE.md,,claude_md,
42,42,claude.md,claude.md,04838a3ac0fc1fa632f598b9f708def34f914f97,,https://api.github.com/repositories/957743722/contents/claude.md?ref=1a998799464905d90548c950aa3d57a6b6451f56,https://api.github.com/repositories/957743722/git/blobs/04838a3ac0fc1fa632f598b9f708def34f914f97,https://github.com/Vikram-BM/helix/blob/1a998799464905d90548c950aa3d57a6b6451f56/claude.md,,claude_md,
43,43,CLAUDE.md,CLAUDE.md,016c338210994fb3df91862c3d6dcf1ca68789e9,,https://api.github.com/repositories/1027762830/contents/CLAUDE.md?ref=1b7da1ceb6a96a7c7aa6ef2a961c11c1976df3b1,https://api.github.com/repositories/1027762830/git/blobs/016c338210994fb3df91862c3d6dcf1ca68789e9,https://github.com/Arnarsson/harka10/blob/1b7da1ceb6a96a7c7aa6ef2a961c11c1976df3b1/CLAUDE.md,,claude_md,
44,44,CLAUDE.md,DarwinG-Crawl/CLAUDE.md,019545a63e084234e732edaba5a109dfbaf06bb2,,https://api.github.com/repositories/1038874460/contents/DarwinG-Crawl/CLAUDE.md?ref=1f744fae5110f257480339c5159d54117df54984,https://api.github.com/repositories/1038874460/git/blobs/019545a63e084234e732edaba5a109dfbaf06bb2,https://github.com/cyh1001/DaVinci/blob/1f744fae5110f257480339c5159d54117df54984/DarwinG-Crawl/CLAUDE.md,,claude_md,
45,45,Claude_Code_Statusline_Installation_Guide.md,Claude_Code_Statusline_Installation_Guide.md,aa799200ae25917c0edec655068cbdbb3d15023e,,https://api.github.com/repositories/1043355538/contents/Claude_Code_Statusline_Installation_Guide.md?ref=7bc63de4912898e27b501ae02dd8b082ba6965a2,https://api.github.com/repositories/1043355538/git/blobs/aa799200ae25917c0edec655068cbdbb3d15023e,https://github.com/hud63/StatusLine/blob/7bc63de4912898e27b501ae02dd8b082ba6965a2/Claude_Code_Statusline_Installation_Guide.md,,claude_md,
46,46,CLAUDE.md,CLAUDE.md,0300ecf459d0e3316c76f2e8eb8b534f9d49e410,,https://api.github.com/repositories/1022451110/contents/CLAUDE.md?ref=6ae031ff529d32386408e539fdbf66f1599fee15,https://api.github.com/repositories/1022451110/git/blobs/0300ecf459d0e3316c76f2e8eb8b534f9d49e410,https://github.com/kallenkortuem/rfc5545-game/blob/6ae031ff529d32386408e539fdbf66f1599fee15/CLAUDE.md,,claude_md,
47,47,CLAUDE.md,CLAUDE.md,06c4e2d27ba566e4224cb5b53093caae806aedd3,,https://api.github.com/repositories/1016848836/contents/CLAUDE.md?ref=96ab540ef5ffc0ca4cdf9bd4de2fb85f84027c05,https://api.github.com/repositories/1016848836/git/blobs/06c4e2d27ba566e4224cb5b53093caae806aedd3,https://github.com/vhybzOS/dotvibe/blob/96ab540ef5ffc0ca4cdf9bd4de2fb85f84027c05/CLAUDE.md,,claude_md,
48,48,CLAUDE.MD,CLAUDE.MD,02a8678a921e344034ed0070b0a34c23f3ecfdd8,,https://api.github.com/repositories/878629042/contents/CLAUDE.MD?ref=11fb998cc249b5260c29bbc8af1c2a458934d1b6,https://api.github.com/repositories/878629042/git/blobs/02a8678a921e344034ed0070b0a34c23f3ecfdd8,https://github.com/dapperdivers/dapper-cluster/blob/11fb998cc249b5260c29bbc8af1c2a458934d1b6/CLAUDE.MD,,claude_md,
49,49,claude.md,claude.md,026c79e02ad8cb3d25e261f52df6eee7e17aa25d,,https://api.github.com/repositories/1027674298/contents/claude.md?ref=5e31ba4cd0e8811321b2f3f50166584670aee4bd,https://api.github.com/repositories/1027674298/git/blobs/026c79e02ad8cb3d25e261f52df6eee7e17aa25d,https://github.com/brendanxu/greentokey/blob/5e31ba4cd0e8811321b2f3f50166584670aee4bd/claude.md,,claude_md,
50,50,Claude.md,Claude.md,02a921cab2da6a02e4904c9f8dc483bde95ace23,,https://api.github.com/repositories/1023538655/contents/Claude.md?ref=1989a3eb1ccaf4f7b94a2347cd38869bf7e389ea,https://api.github.com/repositories/1023538655/git/blobs/02a921cab2da6a02e4904c9f8dc483bde95ace23,https://github.com/kurosawa-kuro/microservices-express-js/blob/1989a3eb1ccaf4f7b94a2347cd38869bf7e389ea/Claude.md,,claude_md,
51,51,claudev05.7.25.md,claudev05.7.25.md,1b283f57a8c0602a5baecf73c15faa1c54705598,,https://api.github.com/repositories/979807682/contents/claudev05.7.25.md?ref=d52313b5b399deac913705eb2a28d1a1d503e2dd,https://api.github.com/repositories/979807682/git/blobs/1b283f57a8c0602a5baecf73c15faa1c54705598,https://github.com/zshcatsandevops/ThatBigOldRepoOfJailbreaks-LLMS-/blob/d52313b5b399deac913705eb2a28d1a1d503e2dd/claudev05.7.25.md,,claude_md,
52,52,CLAUDE.md,CLAUDE.md,01f545a9e82ccab2da0e816e2a91f8cf307ca73d,,https://api.github.com/repositories/1013281032/contents/CLAUDE.md?ref=b5b2c34cb481bf1e845d6fee3ebd7b3d1c4b4bfc,https://api.github.com/repositories/1013281032/git/blobs/01f545a9e82ccab2da0e816e2a91f8cf307ca73d,https://github.com/fg-dev-escotel/unique-luis/blob/b5b2c34cb481bf1e845d6fee3ebd7b3d1c4b4bfc/CLAUDE.md,,claude_md,
53,53,CLAUDE.md,CLAUDE.md,067a771b68c16ffcb11c405cc9df19f6280cbec2,,https://api.github.com/repositories/1010980848/contents/CLAUDE.md?ref=b7109db91dc789fcf5d9744868e4ace8116a57a4,https://api.github.com/repositories/1010980848/git/blobs/067a771b68c16ffcb11c405cc9df19f6280cbec2,https://github.com/wkeylin/MacSetup/blob/b7109db91dc789fcf5d9744868e4ace8116a57a4/CLAUDE.md,,claude_md,
54,54,claude.md,claude.md,06add47a43f23566fe39262bee07d6f02d1f1312,,https://api.github.com/repositories/969331887/contents/claude.md?ref=b9afa9dd75b7f6005fb71a3b874a521c709acbba,https://api.github.com/repositories/969331887/git/blobs/06add47a43f23566fe39262bee07d6f02d1f1312,https://github.com/mgisrael393823/property-hub-frontend/blob/b9afa9dd75b7f6005fb71a3b874a521c709acbba/claude.md,,claude_md,
55,55,CLAUDE.md,CLAUDE.md,04dbd53e53451883ef7f0600693d6d3460a8547c,,https://api.github.com/repositories/1001155930/contents/CLAUDE.md?ref=5b309260301294b654c2f98d82050faa576a1b3c,https://api.github.com/repositories/1001155930/git/blobs/04dbd53e53451883ef7f0600693d6d3460a8547c,https://github.com/wybert/yazi-parquet-preview/blob/5b309260301294b654c2f98d82050faa576a1b3c/CLAUDE.md,,claude_md,
56,56,CLAUDE.md,CLAUDE.md,030f6ea3955dee8d33b8a64ed278be4f00161d47,,https://api.github.com/repositories/989645510/contents/CLAUDE.md?ref=51758870c43c1715a461b3d7fb5eaae0729eda35,https://api.github.com/repositories/989645510/git/blobs/030f6ea3955dee8d33b8a64ed278be4f00161d47,https://github.com/timothywarner-org/globomantics-backstory/blob/51758870c43c1715a461b3d7fb5eaae0729eda35/CLAUDE.md,,claude_md,
57,57,CLAUDE.md,CLAUDE.md,0743f7f32ca197fc3664918e7094eab3797a211e,,https://api.github.com/repositories/865708628/contents/CLAUDE.md?ref=6f6c5f4a519c36de8e3b06acf01a3294748390c6,https://api.github.com/repositories/865708628/git/blobs/0743f7f32ca197fc3664918e7094eab3797a211e,https://github.com/takunagai/hikikomori-support-hanshin/blob/6f6c5f4a519c36de8e3b06acf01a3294748390c6/CLAUDE.md,,claude_md,
58,58,CLAUDE.md,CLAUDE.md,03f89e295b79670a74496d766d5aebf517d47f4f,,https://api.github.com/repositories/1022600210/contents/CLAUDE.md?ref=ffa2e654ecb4aa5f5312ee7172662c26b519bb17,https://api.github.com/repositories/1022600210/git/blobs/03f89e295b79670a74496d766d5aebf517d47f4f,https://github.com/VitoChiang/creation-store-analysis/blob/ffa2e654ecb4aa5f5312ee7172662c26b519bb17/CLAUDE.md,,claude_md,
59,59,CLAUDE_SDK.md,docs/CLAUDE_SDK.md,461dc07645bdae40ac22f53ff2d52488b47934c5,,https://api.github.com/repositories/1006741196/contents/docs/CLAUDE_SDK.md?ref=7d93f0f95e7d9185f66c86e57e44556841630b88,https://api.github.com/repositories/1006741196/git/blobs/461dc07645bdae40ac22f53ff2d52488b47934c5,https://github.com/AaronAbuUsama/claude-codex/blob/7d93f0f95e7d9185f66c86e57e44556841630b88/docs/CLAUDE_SDK.md,,claude_md,
60,60,CLAUDE.md,CLAUDE.md,04c2e97472ac54ab7b4aa4da7e9762cfd1069cab,,https://api.github.com/repositories/703963095/contents/CLAUDE.md?ref=ad1adbf3747e40e6d340118e7f65d7401c98244c,https://api.github.com/repositories/703963095/git/blobs/04c2e97472ac54ab7b4aa4da7e9762cfd1069cab,https://github.com/Yuikij/kibou/blob/ad1adbf3747e40e6d340118e7f65d7401c98244c/CLAUDE.md,,claude_md,
61,61,CLAUDE-GEMINI.md,vignettes/CLAUDE-GEMINI.md,a8d954cbe9576e430ec14966863860dd22e52e67,,https://api.github.com/repositories/224154555/contents/vignettes/CLAUDE-GEMINI.md?ref=da0fbe649a1b101f254deb0dff34d0e2d98ac1bb,https://api.github.com/repositories/224154555/git/blobs/a8d954cbe9576e430ec14966863860dd22e52e67,https://github.com/sbalci/ClinicoPathJamoviModule/blob/da0fbe649a1b101f254deb0dff34d0e2d98ac1bb/vignettes/CLAUDE-GEMINI.md,,gemini_md,
62,62,GEMINI.md,GEMINI.md,feb010864da77f7d815bab6178085707f7e849b3,,https://api.github.com/repositories/3504665/contents/GEMINI.md?ref=e4d52bbc8bd8f70c3216a5806d7f496e0f16fb8d,https://api.github.com/repositories/3504665/git/blobs/feb010864da77f7d815bab6178085707f7e849b3,https://github.com/vinta/pangu.js/blob/e4d52bbc8bd8f70c3216a5806d7f496e0f16fb8d/GEMINI.md,,gemini_md,
63,63,2025-08-13-metehan777-embedding-analysis-with-gemini-claude.md,docs/_posts/2025-08-13-metehan777-embedding-analysis-with-gemini-claude.md,eba1331ca928fd6d8cc1e4f1e583fa1e9e4fcb9c,,https://api.github.com/repositories/933981815/contents/docs/_posts/2025-08-13-metehan777-embedding-analysis-with-gemini-claude.md?ref=994831766d31e6d07743f5189f007543a8fc43ec,https://api.github.com/repositories/933981815/git/blobs/eba1331ca928fd6d8cc1e4f1e583fa1e9e4fcb9c,https://github.com/tom-doerr/repo_posts/blob/994831766d31e6d07743f5189f007543a8fc43ec/docs/_posts/2025-08-13-metehan777-embedding-analysis-with-gemini-claude.md,,gemini_md,
64,64,CLAUDE_prev_geminiEval.md,docs/CLAUDE_prev_geminiEval.md,4a25d2980190bbbe086cb02b7140e90a4342bc95,,https://api.github.com/repositories/997178529/contents/docs/CLAUDE_prev_geminiEval.md?ref=2390054c1d8b89508239855bc9d6666ed11162d7,https://api.github.com/repositories/997178529/git/blobs/4a25d2980190bbbe086cb02b7140e90a4342bc95,https://github.com/nshkrdotcom/ds_ex/blob/2390054c1d8b89508239855bc9d6666ed11162d7/docs/CLAUDE_prev_geminiEval.md,,gemini_md,
65,65,prompt-gemini.md,llms/prompt-gemini.md,737d6cb9c1fa9d200fc05eee021275a737046b01,,https://api.github.com/repositories/257022147/contents/llms/prompt-gemini.md?ref=0f14705eb2c3c9ddacfbaddad4375a50c36be89e,https://api.github.com/repositories/257022147/git/blobs/737d6cb9c1fa9d200fc05eee021275a737046b01,https://github.com/simonw/til/blob/0f14705eb2c3c9ddacfbaddad4375a50c36be89e/llms/prompt-gemini.md,,gemini_md,
66,66,claude-gemini-comparison.md,ai_review/claude-gemini-comparison.md,8ac18243a9e8f5737dff18ea5f993461dcaea827,,https://api.github.com/repositories/933365369/contents/ai_review/claude-gemini-comparison.md?ref=5bad7af354b7a58470f1a5fee9fdebb2f1724546,https://api.github.com/repositories/933365369/git/blobs/8ac18243a9e8f5737dff18ea5f993461dcaea827,https://github.com/anirac-tech/memverse_project/blob/5bad7af354b7a58470f1a5fee9fdebb2f1724546/ai_review/claude-gemini-comparison.md,,gemini_md,
67,67,claude-sonnet-4-vs-gemini-2-5-pro-preview.md,blog/claude-sonnet-4-vs-gemini-2-5-pro-preview.md,5e1bb5cfbfe8127203eada86ac69f6b5b87710b1,,https://api.github.com/repositories/938564811/contents/blog/claude-sonnet-4-vs-gemini-2-5-pro-preview.md?ref=a1dd912fca64447d38a1128104bcfba2f594fb8b,https://api.github.com/repositories/938564811/git/blobs/5e1bb5cfbfe8127203eada86ac69f6b5b87710b1,https://github.com/antinomyhq/antinomyhq.github.io/blob/a1dd912fca64447d38a1128104bcfba2f594fb8b/blog/claude-sonnet-4-vs-gemini-2-5-pro-preview.md,,gemini_md,
68,68,Gemini_Claude_Tutorial.md,tutorials/Gemini_Claude_Tutorial.md,476c6417881d8cc2e1b79d96f8f71895568a5cc2,,https://api.github.com/repositories/994212594/contents/tutorials/Gemini_Claude_Tutorial.md?ref=4bfef831ab748817988bcb0786241f50889c672a,https://api.github.com/repositories/994212594/git/blobs/476c6417881d8cc2e1b79d96f8f71895568a5cc2,https://github.com/smkalle/ai_projects/blob/4bfef831ab748817988bcb0786241f50889c672a/tutorials/Gemini_Claude_Tutorial.md,,gemini_md,
69,69,claude-gemini-cli-guide.md,claude-gemini-cli-guide.md,5ec5994cddbf156b07e23afd318d5fdb10256e49,,https://api.github.com/repositories/1010771422/contents/claude-gemini-cli-guide.md?ref=bd9b37f5ec5af08b3376e19761d5884501379fe9,https://api.github.com/repositories/1010771422/git/blobs/5ec5994cddbf156b07e23afd318d5fdb10256e49,https://github.com/randykerber/raycast-ext/blob/bd9b37f5ec5af08b3376e19761d5884501379fe9/claude-gemini-cli-guide.md,,gemini_md,
70,70,gemini_claude_comparison.md,gemini_claude_comparison.md,c9301ec002985538a69a595b8faba7a1dc42a137,,https://api.github.com/repositories/1008114110/contents/gemini_claude_comparison.md?ref=3867754712fa85e66d9bcd95ed3bff8bbad44b78,https://api.github.com/repositories/1008114110/git/blobs/c9301ec002985538a69a595b8faba7a1dc42a137,https://github.com/Joseph19820124/e-commerce-microservices-sample/blob/3867754712fa85e66d9bcd95ed3bff8bbad44b78/gemini_claude_comparison.md,,gemini_md,
71,71,CLAUDE_CODE_GEMINI_SETUP.md,CLAUDE_CODE_GEMINI_SETUP.md,c438ae9bc08c22df9731cf0f8c8ce37b16483895,,https://api.github.com/repositories/1026311486/contents/CLAUDE_CODE_GEMINI_SETUP.md?ref=7a57fafc2fdc60ff3baebd910a10a07af61d27a4,https://api.github.com/repositories/1026311486/git/blobs/c438ae9bc08c22df9731cf0f8c8ce37b16483895,https://github.com/muumuu8181/ai-workflow-automation/blob/7a57fafc2fdc60ff3baebd910a10a07af61d27a4/CLAUDE_CODE_GEMINI_SETUP.md,,gemini_md,
72,72,block_chatgpt_claude_gemini.md,docs/cookbook/server/block_chatgpt_claude_gemini.md,0e5e5ca36e7b1f0b89884f3901acaf650eba5305,,https://api.github.com/repositories/410806248/contents/docs/cookbook/server/block_chatgpt_claude_gemini.md?ref=cf1e300fee0ce335c8fed17db1aaffd33a0b3c80,https://api.github.com/repositories/410806248/git/blobs/0e5e5ca36e7b1f0b89884f3901acaf650eba5305,https://github.com/ichinya/seo_recipes/blob/cf1e300fee0ce335c8fed17db1aaffd33a0b3c80/docs/cookbook/server/block_chatgpt_claude_gemini.md,,gemini_md,
73,73,CLAUDE_GEMINI_WORKFLOW.md,docs/CLAUDE_GEMINI_WORKFLOW.md,a3cc8ec56c9a8575a7dd934bfb6841bf5e4e9bb4,,https://api.github.com/repositories/1015616900/contents/docs/CLAUDE_GEMINI_WORKFLOW.md?ref=3e5d9d9ee83ff0ccb26b0f1ad93733cb4e711a32,https://api.github.com/repositories/1015616900/git/blobs/a3cc8ec56c9a8575a7dd934bfb6841bf5e4e9bb4,https://github.com/Poom5741/audiobook-app/blob/3e5d9d9ee83ff0ccb26b0f1ad93733cb4e711a32/docs/CLAUDE_GEMINI_WORKFLOW.md,,gemini_md,
74,74,CLAUDE_2025-07-05_gemini.md,archive_backup/CLAUDE_2025-07-05_gemini.md,bd99181fa3d703cdf28ddf8350cd852c280339ab,,https://api.github.com/repositories/947359067/contents/archive_backup/CLAUDE_2025-07-05_gemini.md?ref=928d748e122b1419d9fff1909ea2664083271357,https://api.github.com/repositories/947359067/git/blobs/bd99181fa3d703cdf28ddf8350cd852c280339ab,https://github.com/alexanderpresto/email-parser/blob/928d748e122b1419d9fff1909ea2664083271357/archive_backup/CLAUDE_2025-07-05_gemini.md,,gemini_md,
75,75,gemini-to-claude-code.md,gemini/gemini-to-claude-code.md,b95595aa159b0cd8118609b2314497ed8760474b,,https://api.github.com/repositories/1020283227/contents/gemini/gemini-to-claude-code.md?ref=c9816e3a7974e6cf0d1bc7717011438bf23d447d,https://api.github.com/repositories/1020283227/git/blobs/b95595aa159b0cd8118609b2314497ed8760474b,https://github.com/devdotbo/thats-my-quant/blob/c9816e3a7974e6cf0d1bc7717011438bf23d447d/gemini/gemini-to-claude-code.md,,gemini_md,
76,76,2025-08-27-gemini-vs-chatgpt-vs-claude.md,_posts/2025-08-27-gemini-vs-chatgpt-vs-claude.md,fae05cd992a02150c8a6d6e3817883515a2aebbb,,https://api.github.com/repositories/94405128/contents/_posts/2025-08-27-%08gemini-vs-chatgpt-vs-claude.md?ref=ef9339740e3d6f68498189bdfe3feb01b29d04ad,https://api.github.com/repositories/94405128/git/blobs/fae05cd992a02150c8a6d6e3817883515a2aebbb,https://github.com/thecodinglog/thecodinglog.github.io/blob/ef9339740e3d6f68498189bdfe3feb01b29d04ad/_posts/2025-08-27-%08gemini-vs-chatgpt-vs-claude.md,,gemini_md,
77,77,gemini_cli_vs_claude_code.md,articles/gemini_cli_vs_claude_code.md,2cd2a83c0604cd9fe4c3adfda3ca888ff5ee5769,,https://api.github.com/repositories/676360003/contents/articles/gemini_cli_vs_claude_code.md?ref=08cb265baed483dfaa690784b0c0b8336fa168b5,https://api.github.com/repositories/676360003/git/blobs/2cd2a83c0604cd9fe4c3adfda3ca888ff5ee5769,https://github.com/zukizukizuki/zenn/blob/08cb265baed483dfaa690784b0c0b8336fa168b5/articles/gemini_cli_vs_claude_code.md,,gemini_md,
78,78,batch-providers-gemini-claude.md,docs/batch-providers-gemini-claude.md,3db203ea590055c3af4e96900eda56a92d9c005f,,https://api.github.com/repositories/1031342954/contents/docs/batch-providers-gemini-claude.md?ref=c05acdfab39eab8493f07e45a7f4b6e3ad08ac0d,https://api.github.com/repositories/1031342954/git/blobs/3db203ea590055c3af4e96900eda56a92d9c005f,https://github.com/Liviere/inference-core/blob/c05acdfab39eab8493f07e45a7f4b6e3ad08ac0d/docs/batch-providers-gemini-claude.md,,gemini_md,
79,79,claude-to-gemini-mcp-migration.md,docs/claude-to-gemini-mcp-migration.md,aefeb30acf618451e99e87bc16602c24a15fb78e,,https://api.github.com/repositories/924255670/contents/docs/claude-to-gemini-mcp-migration.md?ref=bb65f442c97a9f9f84559677a5c589d3d8bffd33,https://api.github.com/repositories/924255670/git/blobs/aefeb30acf618451e99e87bc16602c24a15fb78e,https://github.com/ryanwclark1/dotfiles/blob/bb65f442c97a9f9f84559677a5c589d3d8bffd33/docs/claude-to-gemini-mcp-migration.md,,gemini_md,
80,80,claude-gemini-collaboration-patterns.md,CLAEM/ai_docs/claude-gemini-collaboration-patterns.md,6ed4caa685ff0712500ecfaf9f96d25a4a07ec21,,https://api.github.com/repositories/1008899193/contents/CLAEM/ai_docs/claude-gemini-collaboration-patterns.md?ref=afc45c846b83d2763a1b62baa48eebef46225f98,https://api.github.com/repositories/1008899193/git/blobs/6ed4caa685ff0712500ecfaf9f96d25a4a07ec21,https://github.com/aegntic/ae-co-system/blob/afc45c846b83d2763a1b62baa48eebef46225f98/CLAEM/ai_docs/claude-gemini-collaboration-patterns.md,,gemini_md,
81,81,review-branch-custom-gemini.md,examples/claude-commands/review-branch-custom-gemini.md,3f0c1a48833838a553b9af0ead193bb5de67b20f,,https://api.github.com/repositories/983199812/contents/examples/claude-commands/review-branch-custom-gemini.md?ref=631e942ffec9bd99ef8106b41d3f71dfb8393a44,https://api.github.com/repositories/983199812/git/blobs/3f0c1a48833838a553b9af0ead193bb5de67b20f,https://github.com/praneybehl/code-review-mcp/blob/631e942ffec9bd99ef8106b41d3f71dfb8393a44/examples/claude-commands/review-branch-custom-gemini.md,,gemini_md,
82,82,COLABORACION_GEMINI_CLAUDE.md,docs/COLABORACION_GEMINI_CLAUDE.md,ab967a51f1e7e429ed3653ae54f2d4d42b7e76da,,https://api.github.com/repositories/994336546/contents/docs/COLABORACION_GEMINI_CLAUDE.md?ref=4bf8d5b1470811bbe2e22161041a62dede3ee0b9,https://api.github.com/repositories/994336546/git/blobs/ab967a51f1e7e429ed3653ae54f2d4d42b7e76da,https://github.com/trigoo007/calculadora-turnos/blob/4bf8d5b1470811bbe2e22161041a62dede3ee0b9/docs/COLABORACION_GEMINI_CLAUDE.md,,gemini_md,
83,83,resposta_gemini_para_claude_8.md,resposta_gemini_para_claude_8.md,60d9b0d1ef8112aee0455b897d1b26ea7633d43c,,https://api.github.com/repositories/989763012/contents/resposta_gemini_para_claude_8.md?ref=af4c97694b536a7ed9423d2ad9332c03ce83f87c,https://api.github.com/repositories/989763012/git/blobs/60d9b0d1ef8112aee0455b897d1b26ea7633d43c,https://github.com/Nick11014/CreateLittleContraptions/blob/af4c97694b536a7ed9423d2ad9332c03ce83f87c/resposta_gemini_para_claude_8.md,,gemini_md,
84,83,resposta_gemini_para_claude_14.md,resposta_gemini_para_claude_14.md,a0c062425f4cb5ffdf26437b2aa37452840240cf,,https://api.github.com/repositories/989763012/contents/resposta_gemini_para_claude_14.md?ref=af4c97694b536a7ed9423d2ad9332c03ce83f87c,https://api.github.com/repositories/989763012/git/blobs/a0c062425f4cb5ffdf26437b2aa37452840240cf,https://github.com/Nick11014/CreateLittleContraptions/blob/af4c97694b536a7ed9423d2ad9332c03ce83f87c/resposta_gemini_para_claude_14.md,,gemini_md,
85,84,gemini_vs_claude_vibe_coding.md,docs/knowledge/gemini_vs_claude_vibe_coding.md,ce21077e97eb51c0af3319a86a2e3bcb7eb36b44,,https://api.github.com/repositories/1007635849/contents/docs/knowledge/gemini_vs_claude_vibe_coding.md?ref=76cb578269b6671e7fc4babff4721842a441c0ae,https://api.github.com/repositories/1007635849/git/blobs/ce21077e97eb51c0af3319a86a2e3bcb7eb36b44,https://github.com/lennonkc/thrasio_iq_fullstack/blob/76cb578269b6671e7fc4babff4721842a441c0ae/docs/knowledge/gemini_vs_claude_vibe_coding.md,,gemini_md,
86,83,resposta_gemini_para_claude_16.md,resposta_gemini_para_claude_16.md,c30d261e68b489ecef33895e0ce826d09c629213,,https://api.github.com/repositories/989763012/contents/resposta_gemini_para_claude_16.md?ref=af4c97694b536a7ed9423d2ad9332c03ce83f87c,https://api.github.com/repositories/989763012/git/blobs/c30d261e68b489ecef33895e0ce826d09c629213,https://github.com/Nick11014/CreateLittleContraptions/blob/af4c97694b536a7ed9423d2ad9332c03ce83f87c/resposta_gemini_para_claude_16.md,,gemini_md,
87,83,resposta_gemini_para_claude_10.md,resposta_gemini_para_claude_10.md,955553562358281a0ef143f6ac9666ba52188bf2,,https://api.github.com/repositories/989763012/contents/resposta_gemini_para_claude_10.md?ref=af4c97694b536a7ed9423d2ad9332c03ce83f87c,https://api.github.com/repositories/989763012/git/blobs/955553562358281a0ef143f6ac9666ba52188bf2,https://github.com/Nick11014/CreateLittleContraptions/blob/af4c97694b536a7ed9423d2ad9332c03ce83f87c/resposta_gemini_para_claude_10.md,,gemini_md,
88,85,gemini-cli-vs-claude-code.md,content/notes/ideas/gemini-cli-vs-claude-code.md,6bc2ce098e450bab578b8ec6b55e9dbe375c28c1,,https://api.github.com/repositories/798595393/contents/content/notes/ideas/gemini-cli-vs-claude-code.md?ref=3d457874a98a473c87e5721918000598547b9100,https://api.github.com/repositories/798595393/git/blobs/6bc2ce098e450bab578b8ec6b55e9dbe375c28c1,https://github.com/PureSin/blog/blob/3d457874a98a473c87e5721918000598547b9100/content/notes/ideas/gemini-cli-vs-claude-code.md,,gemini_md,
89,86,gemini-cli-vs-claude-code-comparison.md,articles/gemini-cli-vs-claude-code-comparison.md,65ab410ffc33ffc089b6a5a728b33b3b203b51b2,,https://api.github.com/repositories/1008624854/contents/articles/gemini-cli-vs-claude-code-comparison.md?ref=ba65f5cf2939abd72fcac8ddebe0809d41a77212,https://api.github.com/repositories/1008624854/git/blobs/65ab410ffc33ffc089b6a5a728b33b3b203b51b2,https://github.com/sumihagoromo/zenn/blob/ba65f5cf2939abd72fcac8ddebe0809d41a77212/articles/gemini-cli-vs-claude-code-comparison.md,,gemini_md,
90,87,claude_response_gemini-2025-07-17.md,docs/reviews/claude_response_gemini-2025-07-17.md,32233ba5479896d1aa342c304803402737b49bcd,,https://api.github.com/repositories/1003314999/contents/docs/reviews/claude_response_gemini-2025-07-17.md?ref=efefc478bcbcaaffe609b727e154b29ef786af95,https://api.github.com/repositories/1003314999/git/blobs/32233ba5479896d1aa342c304803402737b49bcd,https://github.com/Temmie-Tem/minecraft-panel/blob/efefc478bcbcaaffe609b727e154b29ef786af95/docs/reviews/claude_response_gemini-2025-07-17.md,,gemini_md,
