id,name,description,url,external_id,created_at,updated_at,last_scraped_at,is_active,is_featured,discovery_method,platform_name,platform_url,platform_description
3396,Acumen Ally 55,https://acumen-ally-85.lovable.app,https://github.com/anshuman444/acumen-ally-55,anshuman444/acumen-ally-55,2025-09-10T12:39:47Z,2025-09-18 17:51:35,2025-09-18 17:51:35,True,False,github_search,Lovable,https://lovable.dev,Prompt-to-app web application generator from lovable.dev
3277,Ai Lovable Clone,"AI-powered development environment with autonomous Python agents, sandboxed code execution, and real-time previews. Features Next.js 15, Prisma, LangChain, and E2B",https://github.com/kkowenn/ai-lovable-clone,kkowenn/ai-lovable-clone,2025-07-05T10:10:26Z,2025-09-18 17:51:35,2025-09-18 17:51:35,True,False,github_search,Lovable,https://lovable.dev,Prompt-to-app web application generator from lovable.dev
3278,Ai Meal Tracker,"Built using n8n and Lovable AI. This app automates meal tracking by recognizing food items, calculating macros, and generating AI-driven insights.",https://github.com/22-06-2002/ai-meal-tracker,22-06-2002/ai-meal-tracker,2025-09-11T05:46:33Z,2025-09-18 17:51:35,2025-09-18 17:51:35,True,False,github_search,Lovable,https://lovable.dev,Prompt-to-app web application generator from lovable.dev
3446,Aitraingappui,AI Trading App UI Lovable,https://github.com/vnkotak/AITraingAppUI,vnkotak/AITraingAppUI,2025-08-15T15:24:51Z,2025-09-18 17:51:35,2025-09-18 17:51:35,True,False,github_search,Lovable,https://lovable.dev,Prompt-to-app web application generator from lovable.dev
3377,App Lovable,Mi primera app con lovable,https://github.com/CarlosCalatayud/app_lovable,CarlosCalatayud/app_lovable,2025-07-03T10:13:14Z,2025-09-18 17:51:35,2025-09-18 17:51:35,True,False,github_search,Lovable,https://lovable.dev,Prompt-to-app web application generator from lovable.dev
3427,App2,https://heart-hug-party.lovable.app,https://github.com/Opriya23/app2,Opriya23/app2,2025-08-21T19:31:03Z,2025-09-18 17:51:35,2025-09-18 17:51:35,True,False,github_search,Lovable,https://lovable.dev,Prompt-to-app web application generator from lovable.dev
3264,Aravind Portfolio,"Personal portfolio website of Aravind. Showcasing web development projects, skills, and contact information. Built with Lovable‚Äôs AI-powered website builder for a visually expressive and responsive online presence.",https://github.com/UppalaAravind28/Aravind-portfolio,UppalaAravind28/Aravind-portfolio,2025-09-05T13:18:24Z,2025-09-18 17:51:35,2025-09-18 17:51:35,True,False,github_search,Lovable,https://lovable.dev,Prompt-to-app web application generator from lovable.dev
3257,Article Drafting Mvp,An AI-assisted low-code application built with Lovable.dev for the 24-Hour Low-Code Challenge. The app helps editors turn interview transcripts and supporting sources into story-driven draft articles with human-in-the-loop (HITL) review.,https://github.com/Kalana-Dissanayake/article-drafting-mvp,Kalana-Dissanayake/article-drafting-mvp,2025-09-18T03:31:14Z,2025-09-18 17:51:35,2025-09-18 17:51:35,True,False,github_search,Lovable,https://lovable.dev,Prompt-to-app web application generator from lovable.dev
3419,Augusto.Sites,https://vitrine-clientes-29.lovable.app/,https://github.com/cauazz777/Augusto.sites,cauazz777/Augusto.sites,2025-08-28T03:19:28Z,2025-09-18 17:51:35,2025-09-18 17:51:35,True,False,github_search,Lovable,https://lovable.dev,Prompt-to-app web application generator from lovable.dev
3464,Autocode,Lovable.dev but for Android- Now create AI apps from your phone,https://github.com/salikwachkoo/AutoCode,salikwachkoo/AutoCode,2025-08-09T11:00:29Z,2025-09-18 17:51:35,2025-09-18 17:51:35,True,False,github_search,Lovable,https://lovable.dev,Prompt-to-app web application generator from lovable.dev
3352,Beautiful To Do,beautiful-to-do - Built with Lovable,https://github.com/Danrozen87/beautiful-to-do,Danrozen87/beautiful-to-do,2025-07-27T14:25:04Z,2025-09-18 17:51:35,2025-09-18 17:51:35,True,False,github_search,Lovable,https://lovable.dev,Prompt-to-app web application generator from lovable.dev
3331,Beautiful To Do 664903,beautiful-to-do - Built with Lovable,https://github.com/Danrozen87/beautiful-to-do-664903,Danrozen87/beautiful-to-do-664903,2025-07-27T17:17:45Z,2025-09-18 17:51:35,2025-09-18 17:51:35,True,False,github_search,Lovable,https://lovable.dev,Prompt-to-app web application generator from lovable.dev
3389,Biyuyo,"Expenses App built with React + Vite and Capacitor.js, Original foundation made with Lovable",https://github.com/torrober/Biyuyo,torrober/Biyuyo,2025-08-08T07:08:14Z,2025-09-18 17:51:35,2025-09-18 17:51:35,True,False,github_search,Lovable,https://lovable.dev,Prompt-to-app web application generator from lovable.dev
3397,Bjjapp Lovable,bjj app for lovable ,https://github.com/tribalguru/bjjapp-lovable,tribalguru/bjjapp-lovable,2025-09-09T21:22:52Z,2025-09-18 17:51:35,2025-09-18 17:51:35,True,False,github_search,Lovable,https://lovable.dev,Prompt-to-app web application generator from lovable.dev
3430,Bookify,Es la app de reservas de Lovable,https://github.com/viktoriuscorp/Bookify,viktoriuscorp/Bookify,2025-08-20T03:16:08Z,2025-09-18 17:51:35,2025-09-18 17:51:35,True,False,github_search,Lovable,https://lovable.dev,Prompt-to-app web application generator from lovable.dev
3295,Bussiness Nexus,"Built with Lovable AI , Business Nexus is a modern networking platform connecting entrepreneurs and investors to drive business growth, funding opportunities, and professional networking through a sleek, responsive web application.",https://github.com/Arisha004/Bussiness-Nexus,Arisha004/Bussiness-Nexus,2025-08-09T19:00:36Z,2025-09-18 17:51:35,2025-09-18 17:51:35,True,False,github_search,Lovable,https://lovable.dev,Prompt-to-app web application generator from lovable.dev
3470,Chatty Ollama Pals,Ollama Chat App generated by Lovable. ,https://github.com/JeremyMorgan/chatty-ollama-pals,JeremyMorgan/chatty-ollama-pals,2025-01-08T00:10:00Z,2025-09-18 17:51:35,2025-09-18 17:51:35,True,False,github_search,Lovable,https://lovable.dev,Prompt-to-app web application generator from lovable.dev
3263,Citepoint,AI-powered academic research assistant with Lovable frontend and multi-agent backend pipeline.,https://github.com/hasaanhameed/CitePoint,hasaanhameed/CitePoint,2025-09-07T10:00:49Z,2025-09-18 17:51:35,2025-09-18 17:51:35,True,False,github_search,Lovable,https://lovable.dev,Prompt-to-app web application generator from lovable.dev
3272,Closet.Ai,"Privacy Policy for the Closet/Lovable app. This policy explains how user data is collected, used, and protected.",https://github.com/natkerry/closet.ai,natkerry/closet.ai,2025-09-18T07:26:44Z,2025-09-18 17:51:35,2025-09-18 17:51:35,True,False,github_search,Lovable,https://lovable.dev,Prompt-to-app web application generator from lovable.dev
3269,Codeduet Ai Agent,"CodeDuet is an Electron app that is a local, open-source alternative to AI app builders like Replit, Lovable, v0, and Bolt. ",https://github.com/CodeDuet/codeduet-ai-agent,CodeDuet/codeduet-ai-agent,2025-09-14T20:38:51Z,2025-09-18 17:51:35,2025-09-18 17:51:35,True,False,github_search,Lovable,https://lovable.dev,Prompt-to-app web application generator from lovable.dev
3292,Codify Playground Plus,"A web-based code editor built with Lovable, designed for writing and executing code online.",https://github.com/YashChavanWeb/codify-playground-plus,YashChavanWeb/codify-playground-plus,2025-07-19T10:45:50Z,2025-09-18 17:51:35,2025-09-18 17:51:35,True,False,github_search,Lovable,https://lovable.dev,Prompt-to-app web application generator from lovable.dev
3383,Codingit,The #1 open source lovable.dev alternative build and ship your vibe coded apps for free with AI,https://github.com/Gerome-Elassaad/CodingIT,Gerome-Elassaad/CodingIT,2025-05-01T11:10:58Z,2025-09-18 17:51:35,2025-09-18 17:51:35,True,False,github_search,Lovable,https://lovable.dev,Prompt-to-app web application generator from lovable.dev
3390,Colorable,Lovable App project - color analysis,https://github.com/rachn313/colorable,rachn313/colorable,2025-09-12T02:19:00Z,2025-09-18 17:51:35,2025-09-18 17:51:35,True,False,github_search,Lovable,https://lovable.dev,Prompt-to-app web application generator from lovable.dev
3403,Connecting 2 Todo Lists With Same Db Supabase,Here i used bolt and lovable for creating a ToDo apps (seperate) and created a DB in Supabase and they will interact with each other. Change in one will reflect in other app too.,https://github.com/im23123v/Connecting-2-ToDo-Lists-with-same-DB-Supabase,im23123v/Connecting-2-ToDo-Lists-with-same-DB-Supabase,2025-09-05T12:23:02Z,2025-09-18 17:51:35,2025-09-18 17:51:35,True,False,github_search,Lovable,https://lovable.dev,Prompt-to-app web application generator from lovable.dev
3290,Conversational Ai Order Assistant,"Conversational AI project built with Lovable.ai and n8n for automating order intake, Google Sheets logging, and email confirmations.",https://github.com/Chutki319239/Conversational-AI-Order-Assistant,Chutki319239/Conversational-AI-Order-Assistant,2025-08-23T08:36:59Z,2025-09-18 17:51:35,2025-09-18 17:51:35,True,False,github_search,Lovable,https://lovable.dev,Prompt-to-app web application generator from lovable.dev
3287,Cv Portfolio Hub,My Portfolio and CV webapp. Built with Lovable AI.,https://github.com/shazzar00ni/cv-portfolio-hub,shazzar00ni/cv-portfolio-hub,2025-03-04T13:44:47Z,2025-09-18 17:51:35,2025-09-18 17:51:35,True,False,github_search,Lovable,https://lovable.dev,Prompt-to-app web application generator from lovable.dev
3382,Denjin,"Free, local, open-source AI app builder ‚ú® v0 / lovable / Bolt alternative üåü Star if you like it!",https://github.com/denjin-sh/denjin,denjin-sh/denjin,2025-09-17T16:08:34Z,2025-09-18 17:51:35,2025-09-18 17:51:35,True,False,github_search,Lovable,https://lovable.dev,Prompt-to-app web application generator from lovable.dev
3261,Doc Assist Ai,"A full-stack healthcare dashboard built with Lovable and Supabase. Includes patient management, clinical notes, orders, consent tracking, admin analytics, and blockchain-backed medical documentation for security and compliance",https://github.com/Yashasri22/doc-assist-AI,Yashasri22/doc-assist-AI,2025-09-10T17:53:54Z,2025-09-18 17:51:35,2025-09-18 17:51:35,True,False,github_search,Lovable,https://lovable.dev,Prompt-to-app web application generator from lovable.dev
3411,Docker Price Predict,"Lovable-deployed rental price app using React, Vite, Tailwind; linear-regression model for predictions.",https://github.com/Gonzasestopal/docker-price-predict,Gonzasestopal/docker-price-predict,2025-08-31T23:50:57Z,2025-09-18 17:51:35,2025-09-18 17:51:35,True,False,github_search,Lovable,https://lovable.dev,Prompt-to-app web application generator from lovable.dev
3268,Docs,Documentation for Lovable,https://github.com/lovablelabs/docs,lovablelabs/docs,2024-09-22T09:48:53Z,2025-09-18 17:51:35,2025-09-18 17:51:35,True,False,github_search,Lovable,https://lovable.dev,Prompt-to-app web application generator from lovable.dev
3457,Dopamenu,Dopamine menu app using lovable,https://github.com/jyothisridhar/Dopamenu,jyothisridhar/Dopamenu,2025-08-11T15:33:54Z,2025-09-18 17:51:35,2025-09-18 17:51:35,True,False,github_search,Lovable,https://lovable.dev,Prompt-to-app web application generator from lovable.dev
3467,Draw N Guess Game,"A modern web application crafted with Vite, TypeScript, and React for a fast and robust front-end. It features a customizable and accessible UI built with Tailwind CSS and shadcn/ui. This project was generated by Lovable, a platform for rapid web development.",https://github.com/yashnalavade12/Draw-N-Guess-Game,yashnalavade12/Draw-N-Guess-Game,2025-07-31T09:23:52Z,2025-09-18 17:51:35,2025-09-18 17:51:35,True,False,github_search,Lovable,https://lovable.dev,Prompt-to-app web application generator from lovable.dev
3379,Dyad,"Free, local, open-source AI app builder ‚ú® v0 / lovable / Bolt alternative üåü Star if you like it!",https://github.com/dyad-sh/dyad,dyad-sh/dyad,2025-04-11T06:33:48Z,2025-09-18 17:51:35,2025-09-18 17:51:35,True,False,github_search,Lovable,https://lovable.dev,Prompt-to-app web application generator from lovable.dev
3400,Dynamic Personal Website,"Portfolio web app made typescript in which u can send message and for database Supabase is intigrated  , devloped and deployed on Lovable.",https://github.com/Amanyadav72/Dynamic-Personal-Website,Amanyadav72/Dynamic-Personal-Website,2025-08-26T10:48:54Z,2025-09-18 17:51:35,2025-09-18 17:51:35,True,False,github_search,Lovable,https://lovable.dev,Prompt-to-app web application generator from lovable.dev
3426,Eam App,Lovable EAM app,https://github.com/alfonsnyberg/EAM-App,alfonsnyberg/EAM-App,2025-08-22T10:41:28Z,2025-09-18 17:51:35,2025-09-18 17:51:35,True,False,github_search,Lovable,https://lovable.dev,Prompt-to-app web application generator from lovable.dev
3414,Ecoride,"EcoRide: A Lovable-built web app promoting sustainable mobility, eco-conscious habits, and smart financial decisions for greener living.",https://github.com/harishmotamarri/EcoRide,harishmotamarri/EcoRide,2025-08-30T07:55:00Z,2025-09-18 17:51:35,2025-09-18 17:51:35,True,False,github_search,Lovable,https://lovable.dev,Prompt-to-app web application generator from lovable.dev
3291,Edit Flow Web,"2nd - A web-based code editor built with Lovable, designed for writing and executing code online.",https://github.com/YashChavanWeb/edit-flow-web,YashChavanWeb/edit-flow-web,2025-07-08T13:38:18Z,2025-09-18 17:51:35,2025-09-18 17:51:35,True,False,github_search,Lovable,https://lovable.dev,Prompt-to-app web application generator from lovable.dev
3463,Ema Ai Mvp 3,project for lovable connection to build new ema app that is for CV building app,https://github.com/skupina-onebond/ema-ai-mvp-3,skupina-onebond/ema-ai-mvp-3,2025-08-09T12:13:08Z,2025-09-18 17:51:35,2025-09-18 17:51:35,True,False,github_search,Lovable,https://lovable.dev,Prompt-to-app web application generator from lovable.dev
3279,Employee Finder Ai Vibe Coding,"Employee-Finder-AI (vibe-coding with Lovable) is an AI-generated job-matching app built using Lovable. While I didn‚Äôt write the core code, I deployed and branded the project to explore ethical AI-assisted development workflows. This repo showcases my focus on transparent authorship, live deployment, and recruiter-facing presentation.",https://github.com/VedantPadole52/Employee_Finder_AI-Vibe_Coding,VedantPadole52/Employee_Finder_AI-Vibe_Coding,2025-08-08T17:04:21Z,2025-09-18 17:51:35,2025-09-18 17:51:35,True,False,github_search,Lovable,https://lovable.dev,Prompt-to-app web application generator from lovable.dev
3409,Energy Insights Databricks App,A lovable app that can be deployed as a Databricks app for demo purposes,https://github.com/hourdays/energy-insights-databricks-app,hourdays/energy-insights-databricks-app,2025-09-01T15:39:33Z,2025-09-18 17:51:35,2025-09-18 17:51:35,True,False,github_search,Lovable,https://lovable.dev,Prompt-to-app web application generator from lovable.dev
3432,Ethical Apps 2025,"Recreating 10 iconic apps (Spotify, Duolingo, Tinder...) with OpenAI & Lovable under an ethical tech lens.  From Sept‚ÄìDec 2025, one app per week.",https://github.com/M-22-em/ethical-apps-2025,M-22-em/ethical-apps-2025,2025-08-19T14:01:52Z,2025-09-18 17:51:35,2025-09-18 17:51:35,True,False,github_search,Lovable,https://lovable.dev,Prompt-to-app web application generator from lovable.dev
3398,False News Detector,"AI-powered web app that instantly analyzes news articles and claims to detect misinformation. Features real-time fact-checking, credibility scoring, and source verification. Built with modern web tech and deployed on Lovable.dev to help users make informed decisions about news authenticity.",https://github.com/naakaarafr/False-News-Detector,naakaarafr/False-News-Detector,2025-08-24T10:07:58Z,2025-09-18 17:51:35,2025-09-18 17:51:35,True,False,github_search,Lovable,https://lovable.dev,Prompt-to-app web application generator from lovable.dev
3394,Farm2Market App,Farm2Market mobile web wrapper app - Flutter WebView app for farm-2market-21.lovable.app,https://github.com/Mayank-CS50/farm2market_app,Mayank-CS50/farm2market_app,2025-09-11T04:22:12Z,2025-09-18 17:51:35,2025-09-18 17:51:35,True,False,github_search,Lovable,https://lovable.dev,Prompt-to-app web application generator from lovable.dev
3443,Finance,noco Finanace app repository from Lovable app,https://github.com/nocotech/finance,nocotech/finance,2025-08-16T13:11:57Z,2025-09-18 17:51:35,2025-09-18 17:51:35,True,False,github_search,Lovable,https://lovable.dev,Prompt-to-app web application generator from lovable.dev
3415,Fitness App,https://figma-pixel-perfection-283.lovable.app,https://github.com/susanthks/Fitness-App,susanthks/Fitness-App,2025-08-30T12:52:42Z,2025-09-18 17:51:35,2025-09-18 17:51:35,True,False,github_search,Lovable,https://lovable.dev,Prompt-to-app web application generator from lovable.dev
3466,Fittracker App Lovable,,https://github.com/Innothegreat/FitTracker-App-Lovable,Innothegreat/FitTracker-App-Lovable,2025-09-01T06:25:03Z,2025-09-18 17:51:35,2025-09-18 17:51:35,True,False,github_search,Lovable,https://lovable.dev,Prompt-to-app web application generator from lovable.dev
3274,Full Ai Prompts Projects,"this repo is contain full project built just with ai , v0 , lovable ai , cloud ai , ...",https://github.com/AY0UBYOUSFI/FULL-AI-PROMPTS-PROJECTS,AY0UBYOUSFI/FULL-AI-PROMPTS-PROJECTS,2025-09-16T16:19:11Z,2025-09-18 17:51:35,2025-09-18 17:51:35,True,False,github_search,Lovable,https://lovable.dev,Prompt-to-app web application generator from lovable.dev
3448,Future Pe 02,"AI-powered personal portfolio website built using Lovable, featuring AI-generated content, interactive chatbot support, and a clean, responsive design to showcase skills, projects, and achievements. Live at: https://sadyawork.lovable.app/",https://github.com/AdishiSingh/FUTURE_PE_02,AdishiSingh/FUTURE_PE_02,2025-08-12T15:26:34Z,2025-09-18 17:51:35,2025-09-18 17:51:35,True,False,github_search,Lovable,https://lovable.dev,Prompt-to-app web application generator from lovable.dev
3375,Gantt App 055492,gantt-app - Built with Lovable,https://github.com/Danrozen87/gantt-app-055492,Danrozen87/gantt-app-055492,2025-07-27T08:47:35Z,2025-09-18 17:51:35,2025-09-18 17:51:35,True,False,github_search,Lovable,https://lovable.dev,Prompt-to-app web application generator from lovable.dev
3353,Gantt App 562526,gantt-app - Built with Lovable,https://github.com/Danrozen87/gantt-app-562526,Danrozen87/gantt-app-562526,2025-07-27T13:22:42Z,2025-09-18 17:51:35,2025-09-18 17:51:35,True,False,github_search,Lovable,https://lovable.dev,Prompt-to-app web application generator from lovable.dev
3376,Gantt App 614031,gantt-app - Built with Lovable,https://github.com/Danrozen87/gantt-app-614031,Danrozen87/gantt-app-614031,2025-07-27T08:40:14Z,2025-09-18 17:51:35,2025-09-18 17:51:35,True,False,github_search,Lovable,https://lovable.dev,Prompt-to-app web application generator from lovable.dev
3354,Gantt App 857236,gantt-app - Built with Lovable,https://github.com/Danrozen87/gantt-app-857236,Danrozen87/gantt-app-857236,2025-07-27T13:10:57Z,2025-09-18 17:51:35,2025-09-18 17:51:35,True,False,github_search,Lovable,https://lovable.dev,Prompt-to-app web application generator from lovable.dev
3465,Generative Ai Project,"To apply what I have learnt about Generative AI, I built a generative AI tool about Nedbank LTD. This tool gives users all the information they need about Nedbank as a business and their services. I used Lovable plarform along with its API Cohere that made things come into life.  check it out: https://nedbank-knowledge-bot.lovable.app  Author",https://github.com/Nokuthula-ops/Generative-AI-Project,Nokuthula-ops/Generative-AI-Project,2025-08-09T09:51:00Z,2025-09-18 17:51:35,2025-09-18 17:51:35,True,False,github_search,Lovable,https://lovable.dev,Prompt-to-app web application generator from lovable.dev
3391,Gestor Educa Facil,https://gestor-educa-facil.lovable.app/,https://github.com/viniciuszanella/gestor-educa-facil,viniciuszanella/gestor-educa-facil,2025-09-09T19:13:59Z,2025-09-18 17:51:35,2025-09-18 17:51:35,True,False,github_search,Lovable,https://lovable.dev,Prompt-to-app web application generator from lovable.dev
3459,Gh Create Viral,"Free, local, open-source AI app builder | v0 / lovable / Bolt alternative | üåü Star if you like it!",https://github.com/Gdub662/gh-create-viral,Gdub662/gh-create-viral,2025-08-11T02:08:30Z,2025-09-18 17:51:35,2025-09-18 17:51:35,True,False,github_search,Lovable,https://lovable.dev,Prompt-to-app web application generator from lovable.dev
3258,Gptme Webui,"Web UI for gptme, built with lovable.dev",https://github.com/gptme/gptme-webui,gptme/gptme-webui,2024-11-03T15:32:40Z,2025-09-18 17:51:35,2025-09-18 17:51:35,True,False,github_search,Lovable,https://lovable.dev,Prompt-to-app web application generator from lovable.dev
3442,Granttracker Beta,Grant tracking app made with lovable. This includes the first and some future iterations of the project,https://github.com/devoutllama/GrantTracker-BETA,devoutllama/GrantTracker-BETA,2025-08-16T19:22:12Z,2025-09-18 17:51:35,2025-09-18 17:51:35,True,False,github_search,Lovable,https://lovable.dev,Prompt-to-app web application generator from lovable.dev
3273,Hackathon Projects,"lovable ai,html,css,python flask,Mysql database",https://github.com/Rockysaro3004/hackathon-projects,Rockysaro3004/hackathon-projects,2025-09-17T16:59:27Z,2025-09-18 17:51:35,2025-09-18 17:51:35,True,False,github_search,Lovable,https://lovable.dev,Prompt-to-app web application generator from lovable.dev
3392,Healthzone Independent,HealthZone app migrated from Lovable to independent infrastructure with enhanced security and deployment capabilities,https://github.com/mgmzone/healthzone-independent,mgmzone/healthzone-independent,2025-08-18T21:19:01Z,2025-09-18 17:51:35,2025-09-18 17:51:35,True,False,github_search,Lovable,https://lovable.dev,Prompt-to-app web application generator from lovable.dev
3438,Hearthnote,app santo tour 3 Lovable heartnote Supabase,https://github.com/appsantotour/hearthnote,appsantotour/hearthnote,2025-08-18T02:09:35Z,2025-09-18 17:51:35,2025-09-18 17:51:35,True,False,github_search,Lovable,https://lovable.dev,Prompt-to-app web application generator from lovable.dev
3449,Https Barbearia Precos Chat.Lovable.App,https://barbearia-precos-chat.lovable.app,https://github.com/KevenFrancisco21/https-barbearia-precos-chat.lovable.app,KevenFrancisco21/https-barbearia-precos-chat.lovable.app,2025-08-14T12:19:20Z,2025-09-18 17:51:35,2025-09-18 17:51:35,True,False,github_search,Lovable,https://lovable.dev,Prompt-to-app web application generator from lovable.dev
3381,Https Lbtradinggroup.Lovable.App ,https://lbtradinggroup.lovable.app/,https://github.com/Yadayalij/https-lbtradinggroup.lovable.app-,Yadayalij/https-lbtradinggroup.lovable.app-,2025-09-17T18:21:37Z,2025-09-18 17:51:35,2025-09-18 17:51:35,True,False,github_search,Lovable,https://lovable.dev,Prompt-to-app web application generator from lovable.dev
3406,Https Prompt Link Fixer.Lovable.App ,https://prompt-link-fixer.lovable.app/,https://github.com/danielddsm/https-prompt-link-fixer.lovable.app-,danielddsm/https-prompt-link-fixer.lovable.app-,2025-09-02T17:48:16Z,2025-09-18 17:51:35,2025-09-18 17:51:35,True,False,github_search,Lovable,https://lovable.dev,Prompt-to-app web application generator from lovable.dev
3260,I Am Beside U Ds Internship ,Paper-Sleuth ‚Äì An AI-powered research assistant that combines Hugging Face and OpenAI models to analyse and summarise academic papers. Built with Lovable‚Äôs hosting platform and backed by Supabase for secure data storage.,https://github.com/saugata-malakar/i-am-beside-u-DS-INTERNSHIP-,saugata-malakar/i-am-beside-u-DS-INTERNSHIP-,2025-09-12T23:12:24Z,2025-09-18 17:51:35,2025-09-18 17:51:35,True,False,github_search,Lovable,https://lovable.dev,Prompt-to-app web application generator from lovable.dev
3436,I18N Best Practices,"Curated i18n (internationalization) best practices for AI app builders like Lovable, Bolt, Replit, v0, Floot, Cursor, Claude Code, etc. Provides practical guidelines for building global apps. Free for personal, educational, and commercial use under the MIT License.",https://github.com/locagent/i18n-best-practices,locagent/i18n-best-practices,2025-08-03T06:35:07Z,2025-09-18 17:51:35,2025-09-18 17:51:35,True,False,github_search,Lovable,https://lovable.dev,Prompt-to-app web application generator from lovable.dev
3424,Kerrys Dream Team Lovable,Lovable version of Kerry's Dream Team app,https://github.com/millionaireKerry/kerrys-dream-team-lovable,millionaireKerry/kerrys-dream-team-lovable,2025-08-23T20:19:49Z,2025-09-18 17:51:35,2025-09-18 17:51:35,True,False,github_search,Lovable,https://lovable.dev,Prompt-to-app web application generator from lovable.dev
3462,Kingsukh Guest House Project Intern,https://preview--kingsukh-guest-house-lovely.lovable.app/,https://github.com/konamadithya/kingsukh-guest-house-project-intern,konamadithya/kingsukh-guest-house-project-intern,2025-08-08T20:25:41Z,2025-09-18 17:51:35,2025-09-18 17:51:35,True,False,github_search,Lovable,https://lovable.dev,Prompt-to-app web application generator from lovable.dev
3418,Kitchen Helper,"Shopping list, recipe and nutrition app, build using Lovable",https://github.com/robdcon/kitchen-helper,robdcon/kitchen-helper,2025-08-29T11:52:14Z,2025-09-18 17:51:35,2025-09-18 17:51:35,True,False,github_search,Lovable,https://lovable.dev,Prompt-to-app web application generator from lovable.dev
3386,Ko Lake Villa Migration,Ko Lake Villa luxury resort booking app - migrated from Replit ($466+ investment) to enable Lovable development,https://github.com/RajAbey68/ko-lake-villa-migration,RajAbey68/ko-lake-villa-migration,2025-09-16T15:35:15Z,2025-09-18 17:51:35,2025-09-18 17:51:35,True,False,github_search,Lovable,https://lovable.dev,Prompt-to-app web application generator from lovable.dev
3285,L Couzina Algerian Flavors,"L‚Äôcouzina is a mobile app built with Lovable that showcases traditional Algerian recipes and street food. It provides users with clear instructions, images, and categories, making it easy to explore and cook authentic Algerian cuisine.",https://github.com/soheib4u/l-couzina-algerian-flavors,soheib4u/l-couzina-algerian-flavors,2025-09-17T16:15:31Z,2025-09-18 17:51:35,2025-09-18 17:51:35,True,False,github_search,Lovable,https://lovable.dev,Prompt-to-app web application generator from lovable.dev
3434,Link Shaper Backend,C++ backend for https://link-shaper-ui.lovable.app,https://github.com/SChakraborty04/link-shaper-backend,SChakraborty04/link-shaper-backend,2025-08-18T16:34:02Z,2025-09-18 17:51:35,2025-09-18 17:51:35,True,False,github_search,Lovable,https://lovable.dev,Prompt-to-app web application generator from lovable.dev
3433,Locagent.Dev,"Curated i18n & multilingual SEO best practices for AI app builders like Lovable, Bolt, Replit, v0, Floot, Cursor, Claude Code, etc. Provides practical guidelines for building global apps. Free for personal, educational, and commercial use under the MIT License.",https://github.com/locagent/locagent.dev,locagent/locagent.dev,2025-08-17T20:32:25Z,2025-09-18 17:51:35,2025-09-18 17:51:35,True,False,github_search,Lovable,https://lovable.dev,Prompt-to-app web application generator from lovable.dev
3294,Lonely Tree Guide,"Location-based web app to find ‚ÄúLonely Trees‚Äù. Built with Lovable (No-Code) ‚Äì real-time updates, compass navigation, multi-language support.",https://github.com/tnfhrnsss/lonely-tree-guide,tnfhrnsss/lonely-tree-guide,2025-08-02T12:30:52Z,2025-09-18 17:51:35,2025-09-18 17:51:35,True,False,github_search,Lovable,https://lovable.dev,Prompt-to-app web application generator from lovable.dev
3458,Lovable,Lovable-app,https://github.com/O-lundmark/Lovable,O-lundmark/Lovable,2025-08-11T12:42:57Z,2025-09-18 17:51:35,2025-09-18 17:51:35,True,False,github_search,Lovable,https://lovable.dev,Prompt-to-app web application generator from lovable.dev
3441,Lovable   Barber Shop App,Lovable - Barber Shop App,https://github.com/EstebanPerez25/Lovable---Barber-Shop-App,EstebanPerez25/Lovable---Barber-Shop-App,2025-08-17T01:13:52Z,2025-09-18 17:51:35,2025-09-18 17:51:35,True,False,github_search,Lovable,https://lovable.dev,Prompt-to-app web application generator from lovable.dev
3413,Lovable Ai Colone2,"Exported from Scout jam: Initialize Next.js + Tailwind site (App Router) with legal pages, base layout, and Resend email form for lovable.dev-style clone",https://github.com/Sharaafath16/lovable-ai-colone2,Sharaafath16/lovable-ai-colone2,2025-08-31T08:19:17Z,2025-09-18 17:51:35,2025-09-18 17:51:35,True,False,github_search,Lovable,https://lovable.dev,Prompt-to-app web application generator from lovable.dev
3281,Lovable Ai Guardian,Lovable - AI Guardian Platform (SaaS),https://github.com/GGGua27/lovable-ai-guardian,GGGua27/lovable-ai-guardian,2025-09-10T09:25:46Z,2025-09-18 17:51:35,2025-09-18 17:51:35,True,False,github_search,Lovable,https://lovable.dev,Prompt-to-app web application generator from lovable.dev
3275,Lovable Ai Portofolio,this repo contain just ai code,https://github.com/zozingxd/lovable-ai-portofolio,zozingxd/lovable-ai-portofolio,2025-09-16T15:49:01Z,2025-09-18 17:51:35,2025-09-18 17:51:35,True,False,github_search,Lovable,https://lovable.dev,Prompt-to-app web application generator from lovable.dev
3444,Lovable Bike,Code from lovable for the bike-track app.,https://github.com/dove-ai-bot/lovable-bike,dove-ai-bot/lovable-bike,2025-08-16T13:04:04Z,2025-09-18 17:51:35,2025-09-18 17:51:35,True,False,github_search,Lovable,https://lovable.dev,Prompt-to-app web application generator from lovable.dev
3410,Lovable Clone,AI-powered web app builder using Claude Code SDK - A Lovable.dev clone,https://github.com/TorgeirI/lovable-clone,TorgeirI/lovable-clone,2025-08-05T09:40:57Z,2025-09-18 17:51:35,2025-09-18 17:51:35,True,False,github_search,Lovable,https://lovable.dev,Prompt-to-app web application generator from lovable.dev
3270,Lovable Dashboard,Dashboard of Dashboards - Central repository management hub for Lovable.dev,https://github.com/djb258/lovable-dashboard,djb258/lovable-dashboard,2025-08-11T16:29:36Z,2025-09-18 17:51:35,2025-09-18 17:51:35,True,False,github_search,Lovable,https://lovable.dev,Prompt-to-app web application generator from lovable.dev
3395,Lovable Enterprise Clone,Project from Orchids.app - lovable-enterprise-clone,https://github.com/Altanaiprojectsdavid/lovable-enterprise-clone,Altanaiprojectsdavid/lovable-enterprise-clone,2025-09-10T16:38:01Z,2025-09-18 17:51:35,2025-09-18 17:51:35,True,False,github_search,Lovable,https://lovable.dev,Prompt-to-app web application generator from lovable.dev
3280,Lovable Landingpage,"High-resolution, 3D-animated landing page using nothing but AI tools ‚Äî no coding required. The process takes less than 30 minutes, and you‚Äôll end up with a futuristic website packed with animations, 3D visuals, and professional polish.",https://github.com/TahaBeekey/Lovable-LandingPage,TahaBeekey/Lovable-LandingPage,2025-09-08T15:08:24Z,2025-09-18 17:51:35,2025-09-18 17:51:35,True,False,github_search,Lovable,https://lovable.dev,Prompt-to-app web application generator from lovable.dev
3461,Lovable Leavemanagement,Leave Management App with Lovable,https://github.com/gamfim/lovable-leavemanagement,gamfim/lovable-leavemanagement,2025-08-10T12:10:48Z,2025-09-18 17:51:35,2025-09-18 17:51:35,True,False,github_search,Lovable,https://lovable.dev,Prompt-to-app web application generator from lovable.dev
3271,Lovable Local,,https://github.com/RicardoGVilla/lovable-local,RicardoGVilla/lovable-local,2025-09-18T11:53:03Z,2025-09-18 17:51:35,2025-09-18 17:51:35,True,False,github_search,Lovable,https://lovable.dev,Prompt-to-app web application generator from lovable.dev
3265,Lovable Playground,,https://github.com/EasonChen-GH/lovable-playground,EasonChen-GH/lovable-playground,2025-08-26T16:12:53Z,2025-09-18 17:51:35,2025-09-18 17:51:35,True,False,github_search,Lovable,https://lovable.dev,Prompt-to-app web application generator from lovable.dev
3455,Lovable Wingfest,trial of lovable via silly little wingfest ratings app,https://github.com/renewabristol/lovable-wingfest,renewabristol/lovable-wingfest,2025-08-11T23:18:46Z,2025-09-18 17:51:35,2025-09-18 17:51:35,True,False,github_search,Lovable,https://lovable.dev,Prompt-to-app web application generator from lovable.dev
3276,Lovable.Boilerplate,,https://github.com/johncarlo177/Lovable.Boilerplate,johncarlo177/Lovable.Boilerplate,2025-09-15T02:29:11Z,2025-09-18 17:51:35,2025-09-18 17:51:35,True,False,github_search,Lovable,https://lovable.dev,Prompt-to-app web application generator from lovable.dev
3393,Lovableapps,It will holp my lovable apps.,https://github.com/twizy/LovableApps,twizy/LovableApps,2025-09-11T11:38:41Z,2025-09-18 17:51:35,2025-09-18 17:51:35,True,False,github_search,Lovable,https://lovable.dev,Prompt-to-app web application generator from lovable.dev
3469,Lovabledemo1,Demo project generated by Lovable AI,https://github.com/cn-ansonkai/lovabledemo1,cn-ansonkai/lovabledemo1,2025-04-20T14:00:10Z,2025-09-18 17:51:35,2025-09-18 17:51:35,True,False,github_search,Lovable,https://lovable.dev,Prompt-to-app web application generator from lovable.dev
3420,Lovabletest,testing if i can add this lovable landing page to my exisitng nextjs app,https://github.com/Jxdecoding/LovableTest,Jxdecoding/LovableTest,2025-08-27T10:57:35Z,2025-09-18 17:51:35,2025-09-18 17:51:35,True,False,github_search,Lovable,https://lovable.dev,Prompt-to-app web application generator from lovable.dev
3421,Love Claude Code,"A Claude-powered web IDE that combines AI chat with live app preview in a dual-pane interface, designed to scale from startup to enterprise as a Lovable.dev alternative.",https://github.com/ArtemioPadilla/love-claude-code,ArtemioPadilla/love-claude-code,2025-07-12T02:47:17Z,2025-09-18 17:51:35,2025-09-18 17:51:35,True,False,github_search,Lovable,https://lovable.dev,Prompt-to-app web application generator from lovable.dev
3259,Ltait Website,"The Let's Talk AI Tools website, built with Lovable and Cursor, featuring illustrations from Artbreeder",https://github.com/LT-aitools/ltait-website,LT-aitools/ltait-website,2025-03-24T14:43:37Z,2025-09-18 17:51:35,2025-09-18 17:51:35,True,False,github_search,Lovable,https://lovable.dev,Prompt-to-app web application generator from lovable.dev
3387,Memetrade,https://memetrade.lovable.app/,https://github.com/pramudya121/memetrade,pramudya121/memetrade,2025-09-16T06:49:36Z,2025-09-18 17:51:35,2025-09-18 17:51:35,True,False,github_search,Lovable,https://lovable.dev,Prompt-to-app web application generator from lovable.dev
3364,Minimal To Do,minimal-to-do - Built with Lovable,https://github.com/Danrozen87/minimal-to-do,Danrozen87/minimal-to-do,2025-07-27T12:07:13Z,2025-09-18 17:51:35,2025-09-18 17:51:35,True,False,github_search,Lovable,https://lovable.dev,Prompt-to-app web application generator from lovable.dev
3330,Minimal To Do 541416,minimal-to-do - Built with Lovable,https://github.com/Danrozen87/minimal-to-do-541416,Danrozen87/minimal-to-do-541416,2025-07-27T17:49:01Z,2025-09-18 17:51:35,2025-09-18 17:51:35,True,False,github_search,Lovable,https://lovable.dev,Prompt-to-app web application generator from lovable.dev
3365,Minimal Weather,minimal-weather - Built with Lovable,https://github.com/Danrozen87/minimal-weather,Danrozen87/minimal-weather,2025-07-27T12:02:25Z,2025-09-18 17:51:35,2025-09-18 17:51:35,True,False,github_search,Lovable,https://lovable.dev,Prompt-to-app web application generator from lovable.dev
3450,Mixphiit Booking Form,A booking app designed my lovable AI,https://github.com/djmixphiit/Mixphiit_booking_form,djmixphiit/Mixphiit_booking_form,2025-08-14T12:02:28Z,2025-09-18 17:51:35,2025-09-18 17:51:35,True,False,github_search,Lovable,https://lovable.dev,Prompt-to-app web application generator from lovable.dev
3334,Modern Looking,modern-looking - Built with Lovable,https://github.com/Danrozen87/modern-looking,Danrozen87/modern-looking,2025-07-27T16:28:00Z,2025-09-18 17:51:35,2025-09-18 17:51:35,True,False,github_search,Lovable,https://lovable.dev,Prompt-to-app web application generator from lovable.dev
3283,Modern Portfolio Website Lovable Ai,"üåê A modern and minimal portfolio website template generated with AI. Includes sections for projects, blogs, and contact.",https://github.com/BuildAndDeployAI/modern-portfolio-website-Lovable-ai,BuildAndDeployAI/modern-portfolio-website-Lovable-ai,2025-08-27T05:10:13Z,2025-09-18 17:51:35,2025-09-18 17:51:35,True,False,github_search,Lovable,https://lovable.dev,Prompt-to-app web application generator from lovable.dev
3435,Multilingual Best Practices,"Curated multilingual SEO best practices for AI app builders like Lovable, Bolt, Replit, v0, Floot, Cursor, Claude Code, etc. Provides practical guidelines for building global apps. Free for personal, educational, and commercial use under the MIT License.",https://github.com/locagent/multilingual-best-practices,locagent/multilingual-best-practices,2025-08-18T18:38:16Z,2025-09-18 17:51:35,2025-09-18 17:51:35,True,False,github_search,Lovable,https://lovable.dev,Prompt-to-app web application generator from lovable.dev
3439,Muxflow,Muxflow builts mini-apps with workflow. Basically n8n + lovable/bolt,https://github.com/muzafferkadir/muxflow,muzafferkadir/muxflow,2025-08-01T19:12:19Z,2025-09-18 17:51:35,2025-09-18 17:51:35,True,False,github_search,Lovable,https://lovable.dev,Prompt-to-app web application generator from lovable.dev
3368,New To Do,new-to-do - Built with Lovable,https://github.com/Danrozen87/new-to-do,Danrozen87/new-to-do,2025-07-27T11:49:35Z,2025-09-18 17:51:35,2025-09-18 17:51:35,True,False,github_search,Lovable,https://lovable.dev,Prompt-to-app web application generator from lovable.dev
3333,New Todo,new-todo - Built with Lovable,https://github.com/Danrozen87/new-todo,Danrozen87/new-todo,2025-07-27T16:34:34Z,2025-09-18 17:51:35,2025-09-18 17:51:35,True,False,github_search,Lovable,https://lovable.dev,Prompt-to-app web application generator from lovable.dev
3431,Newwebsiteleaked,"guys, i made a website w/ loveable, here is the link https://nebula-math-wise.lovable.app/",https://github.com/ChickenAugust/newwebsiteleaked,ChickenAugust/newwebsiteleaked,2025-08-19T23:49:11Z,2025-09-18 17:51:35,2025-09-18 17:51:35,True,False,github_search,Lovable,https://lovable.dev,Prompt-to-app web application generator from lovable.dev
3388,Nirogiai,https://nirogi-ai.lovable.app/,https://github.com/SurajNaik1502/NirogiAi,SurajNaik1502/NirogiAi,2025-09-14T11:18:57Z,2025-09-18 17:51:35,2025-09-18 17:51:35,True,False,github_search,Lovable,https://lovable.dev,Prompt-to-app web application generator from lovable.dev
3460,No Code Ai App Builder,A no code AI app builder inspired by lovable.,https://github.com/Ahmadjamil888/No-code_AI_app_builder,Ahmadjamil888/No-code_AI_app_builder,2025-08-10T20:01:37Z,2025-09-18 17:51:35,2025-09-18 17:51:35,True,False,github_search,Lovable,https://lovable.dev,Prompt-to-app web application generator from lovable.dev
3336,Now Next,now-next - Built with Lovable,https://github.com/Danrozen87/now-next,Danrozen87/now-next,2025-07-27T16:03:19Z,2025-09-18 17:51:35,2025-09-18 17:51:35,True,False,github_search,Lovable,https://lovable.dev,Prompt-to-app web application generator from lovable.dev
3384,Office,"Office App Launcher, created with Lovable, because Microsoft decided to redirect all office.com users to M365 Copilot that doesn't even have the waffle navigation anymore.",https://github.com/jukkan/office,jukkan/office,2025-06-10T08:53:27Z,2025-09-18 17:51:35,2025-09-18 17:51:35,True,False,github_search,Lovable,https://lovable.dev,Prompt-to-app web application generator from lovable.dev
3408,Open Lovable,"Free, local, open-source AI app builder | v0 / lovable / Bolt alternative | üåü Star if you like it!",https://github.com/Gdub662/open-lovable,Gdub662/open-lovable,2025-09-01T21:14:24Z,2025-09-18 17:51:35,2025-09-18 17:51:35,True,False,github_search,Lovable,https://lovable.dev,Prompt-to-app web application generator from lovable.dev
3412,Open Lovable Deploy,AI-powered React app builder - Open Lovable deployment,https://github.com/Imd11/open-lovable-deploy,Imd11/open-lovable-deploy,2025-08-30T16:27:59Z,2025-09-18 17:51:35,2025-09-18 17:51:35,True,False,github_search,Lovable,https://lovable.dev,Prompt-to-app web application generator from lovable.dev
3425,Open Lovablew,"Open Lovable builds React apps with AI, using E2B, Firecrawl and OpenAI integrations for quick prototyping and production-ready code. üêô",https://github.com/you112ef/open-lovablew,you112ef/open-lovablew,2025-08-20T01:04:09Z,2025-09-18 17:51:35,2025-09-18 17:51:35,True,False,github_search,Lovable,https://lovable.dev,Prompt-to-app web application generator from lovable.dev
3385,Payback 2 Pro,https://payback2-free-roam.lovable.app,https://github.com/carlpeter024-maker/payback-2-pro,carlpeter024-maker/payback-2-pro,2025-09-17T13:48:51Z,2025-09-18 17:51:35,2025-09-18 17:51:35,True,False,github_search,Lovable,https://lovable.dev,Prompt-to-app web application generator from lovable.dev
3267,Pixel Ai Resume Analyzer,AI-powered Resume Analyzer ‚Äì Live Demo: https://pixel-ai-resume-analyzer.lovable.app/,https://github.com/ManoRakshithaa/pixel-ai-resume-analyzer,ManoRakshithaa/pixel-ai-resume-analyzer,2025-08-22T19:46:41Z,2025-09-18 17:51:35,2025-09-18 17:51:35,True,False,github_search,Lovable,https://lovable.dev,Prompt-to-app web application generator from lovable.dev
3284,Pizza Delivery App,"Pizza Delivery Web App frontend built with Lovable (React). Features secure login & registration, custom pizza builder, Razorpay test payments, and real-time order tracking. Includes admin dashboard for inventory management, stock alerts, and order status updates.",https://github.com/23R01A05D3/Pizza-Delivery-App,23R01A05D3/Pizza-Delivery-App,2025-09-18T13:07:58Z,2025-09-18 17:51:35,2025-09-18 17:51:35,True,False,github_search,Lovable,https://lovable.dev,Prompt-to-app web application generator from lovable.dev
3417,Premier Listing,premier-listing-pro.lovable.app,https://github.com/berikci78/premier-listing,berikci78/premier-listing,2025-08-29T15:33:03Z,2025-09-18 17:51:35,2025-09-18 17:51:35,True,False,github_search,Lovable,https://lovable.dev,Prompt-to-app web application generator from lovable.dev
3401,Produscope Submission And Application Prototype,https://preview--neon-cents-hub.lovable.app/,https://github.com/pranaydarode/Produscope-Submission-and-Application-Prototype,pranaydarode/Produscope-Submission-and-Application-Prototype,2025-09-06T11:08:15Z,2025-09-18 17:51:35,2025-09-18 17:51:35,True,False,github_search,Lovable,https://lovable.dev,Prompt-to-app web application generator from lovable.dev
3456,Project Management Website,"A modern project management web app built with React, TypeScript, and Tailwind CSS, developed on Lovable with Supabase for realtime database and authentication.",https://github.com/Nalini-k/Project-Management-website,Nalini-k/Project-Management-website,2025-08-11T16:31:56Z,2025-09-18 17:51:35,2025-09-18 17:51:35,True,False,github_search,Lovable,https://lovable.dev,Prompt-to-app web application generator from lovable.dev
3428,Qc Flow,This is the data entry app which made using lovable.dev and initially for BRL,https://github.com/hdthebrand/QC-Flow,hdthebrand/QC-Flow,2025-08-20T14:08:37Z,2025-09-18 17:51:35,2025-09-18 17:51:35,True,False,github_search,Lovable,https://lovable.dev,Prompt-to-app web application generator from lovable.dev
3286,Resume,"My new resume built with Lovable, React, Typescript",https://github.com/devolamide/Resume,devolamide/Resume,2025-09-01T13:37:45Z,2025-09-18 17:51:35,2025-09-18 17:51:35,True,False,github_search,Lovable,https://lovable.dev,Prompt-to-app web application generator from lovable.dev
3262,Rude Ai Landing,Landing page for RUDE.AI ‚Äî Real-time drift breaker. Built with Lovable. Features Gumroad link to the Latency Scan starter kit and integrated email signup form for updates/beta access.,https://github.com/deepnclear/rude-ai-landing,deepnclear/rude-ai-landing,2025-09-07T14:31:58Z,2025-09-18 17:51:35,2025-09-18 17:51:35,True,False,github_search,Lovable,https://lovable.dev,Prompt-to-app web application generator from lovable.dev
3447,Sanjeevani Pulse,https://health-connect-telugu.lovable.app/,https://github.com/cadtarini-ctrl/sanjeevani-pulse,cadtarini-ctrl/sanjeevani-pulse,2025-08-15T08:14:46Z,2025-09-18 17:51:35,2025-09-18 17:51:35,True,False,github_search,Lovable,https://lovable.dev,Prompt-to-app web application generator from lovable.dev
3429,Scrappy,"WEBSITE / APP SOURCE CODE SCRAPER TO REMOVE SOURCE CODE FROM APP BUILDING SITES EG. LOVABLE, BUZZY, OHARA ETC.",https://github.com/SimonJC-24601/SCRAPPY,SimonJC-24601/SCRAPPY,2025-08-20T00:44:46Z,2025-09-18 17:51:35,2025-09-18 17:51:35,True,False,github_search,Lovable,https://lovable.dev,Prompt-to-app web application generator from lovable.dev
3437,Seo Best Practices,"Curated SEO best practices for AI app builders like Lovable, Bolt, Replit, v0, Floot, Cursor, Claude Code, etc. Provides practical guidelines for building global apps. Free for personal, educational, and commercial use under the MIT License.",https://github.com/locagent/seo-best-practices,locagent/seo-best-practices,2025-08-18T18:35:20Z,2025-09-18 17:51:35,2025-09-18 17:51:35,True,False,github_search,Lovable,https://lovable.dev,Prompt-to-app web application generator from lovable.dev
3440,Shockbuild,"Free, local, open-source AI app builder ‚ú® v0 / lovable / Bolt alternative üåü Star if you like it!",https://github.com/Coder-5809/ShockBuild,Coder-5809/ShockBuild,2025-08-17T11:55:26Z,2025-09-18 17:51:35,2025-09-18 17:51:35,True,False,github_search,Lovable,https://lovable.dev,Prompt-to-app web application generator from lovable.dev
3350,Simple Counter,simple-counter - Built with Lovable,https://github.com/Danrozen87/simple-counter,Danrozen87/simple-counter,2025-07-27T14:39:53Z,2025-09-18 17:51:35,2025-09-18 17:51:35,True,False,github_search,Lovable,https://lovable.dev,Prompt-to-app web application generator from lovable.dev
3342,Simple Now,simple-now - Built with Lovable,https://github.com/Danrozen87/simple-now,Danrozen87/simple-now,2025-07-27T15:34:20Z,2025-09-18 17:51:35,2025-09-18 17:51:35,True,False,github_search,Lovable,https://lovable.dev,Prompt-to-app web application generator from lovable.dev
3337,Simple Now 062288,simple-now - Built with Lovable,https://github.com/Danrozen87/simple-now-062288,Danrozen87/simple-now-062288,2025-07-27T16:01:02Z,2025-09-18 17:51:35,2025-09-18 17:51:35,True,False,github_search,Lovable,https://lovable.dev,Prompt-to-app web application generator from lovable.dev
3371,Simple Sail,simple-sail - Built with Lovable,https://github.com/Danrozen87/simple-sail,Danrozen87/simple-sail,2025-07-27T09:47:43Z,2025-09-18 17:51:35,2025-09-18 17:51:35,True,False,github_search,Lovable,https://lovable.dev,Prompt-to-app web application generator from lovable.dev
3345,Simple To,simple-to - Built with Lovable,https://github.com/Danrozen87/simple-to,Danrozen87/simple-to,2025-07-27T15:14:03Z,2025-09-18 17:51:35,2025-09-18 17:51:35,True,False,github_search,Lovable,https://lovable.dev,Prompt-to-app web application generator from lovable.dev
3327,Simple To 007740,simple-to - Built with Lovable,https://github.com/Danrozen87/simple-to-007740,Danrozen87/simple-to-007740,2025-07-27T18:13:28Z,2025-09-18 17:51:35,2025-09-18 17:51:35,True,False,github_search,Lovable,https://lovable.dev,Prompt-to-app web application generator from lovable.dev
3316,Simple To 025544,simple-to - Built with Lovable,https://github.com/Danrozen87/simple-to-025544,Danrozen87/simple-to-025544,2025-07-27T22:57:05Z,2025-09-18 17:51:35,2025-09-18 17:51:35,True,False,github_search,Lovable,https://lovable.dev,Prompt-to-app web application generator from lovable.dev
3326,Simple To Do 280520,simple-to-do - Built with Lovable,https://github.com/Danrozen87/simple-to-do-280520,Danrozen87/simple-to-do-280520,2025-07-27T18:18:00Z,2025-09-18 17:51:35,2025-09-18 17:51:35,True,False,github_search,Lovable,https://lovable.dev,Prompt-to-app web application generator from lovable.dev
3370,Simple To Do 295856,simple-to-do - Built with Lovable,https://github.com/Danrozen87/simple-to-do-295856,Danrozen87/simple-to-do-295856,2025-07-27T11:21:36Z,2025-09-18 17:51:35,2025-09-18 17:51:35,True,False,github_search,Lovable,https://lovable.dev,Prompt-to-app web application generator from lovable.dev
3339,Simple To Do 349408,simple-to-do - Built with Lovable,https://github.com/Danrozen87/simple-to-do-349408,Danrozen87/simple-to-do-349408,2025-07-27T15:49:09Z,2025-09-18 17:51:35,2025-09-18 17:51:35,True,False,github_search,Lovable,https://lovable.dev,Prompt-to-app web application generator from lovable.dev
3367,Simple To Do 372461,simple-to-do - Built with Lovable,https://github.com/Danrozen87/simple-to-do-372461,Danrozen87/simple-to-do-372461,2025-07-27T11:56:12Z,2025-09-18 17:51:35,2025-09-18 17:51:35,True,False,github_search,Lovable,https://lovable.dev,Prompt-to-app web application generator from lovable.dev
3328,Simple To Do 686629,simple-to-do - Built with Lovable,https://github.com/Danrozen87/simple-to-do-686629,Danrozen87/simple-to-do-686629,2025-07-27T18:08:06Z,2025-09-18 17:51:35,2025-09-18 17:51:35,True,False,github_search,Lovable,https://lovable.dev,Prompt-to-app web application generator from lovable.dev
3369,Simple To Do 715133,simple-to-do - Built with Lovable,https://github.com/Danrozen87/simple-to-do-715133,Danrozen87/simple-to-do-715133,2025-07-27T11:45:15Z,2025-09-18 17:51:35,2025-09-18 17:51:35,True,False,github_search,Lovable,https://lovable.dev,Prompt-to-app web application generator from lovable.dev
3335,Simple To Do 753448,simple-to-do - Built with Lovable,https://github.com/Danrozen87/simple-to-do-753448,Danrozen87/simple-to-do-753448,2025-07-27T16:12:33Z,2025-09-18 17:51:35,2025-09-18 17:51:35,True,False,github_search,Lovable,https://lovable.dev,Prompt-to-app web application generator from lovable.dev
3343,Simple To Do 806368,simple-to-do - Built with Lovable,https://github.com/Danrozen87/simple-to-do-806368,Danrozen87/simple-to-do-806368,2025-07-27T15:23:26Z,2025-09-18 17:51:35,2025-09-18 17:51:35,True,False,github_search,Lovable,https://lovable.dev,Prompt-to-app web application generator from lovable.dev
3338,Simple To Do 829026,simple-to-do - Built with Lovable,https://github.com/Danrozen87/simple-to-do-829026,Danrozen87/simple-to-do-829026,2025-07-27T15:57:09Z,2025-09-18 17:51:35,2025-09-18 17:51:35,True,False,github_search,Lovable,https://lovable.dev,Prompt-to-app web application generator from lovable.dev
3351,Simple Todo,simple-todo - Built with Lovable,https://github.com/Danrozen87/simple-todo,Danrozen87/simple-todo,2025-07-27T14:34:58Z,2025-09-18 17:51:35,2025-09-18 17:51:35,True,False,github_search,Lovable,https://lovable.dev,Prompt-to-app web application generator from lovable.dev
3340,Simple Todo 160287,simple-todo - Built with Lovable,https://github.com/Danrozen87/simple-todo-160287,Danrozen87/simple-todo-160287,2025-07-27T15:46:00Z,2025-09-18 17:51:35,2025-09-18 17:51:35,True,False,github_search,Lovable,https://lovable.dev,Prompt-to-app web application generator from lovable.dev
3311,Simple Todo 357625,simple-todo - Built with Lovable,https://github.com/Danrozen87/simple-todo-357625,Danrozen87/simple-todo-357625,2025-07-28T14:02:38Z,2025-09-18 17:51:35,2025-09-18 17:51:35,True,False,github_search,Lovable,https://lovable.dev,Prompt-to-app web application generator from lovable.dev
3332,Simple Todo 409598,simple-todo - Built with Lovable,https://github.com/Danrozen87/simple-todo-409598,Danrozen87/simple-todo-409598,2025-07-27T16:56:49Z,2025-09-18 17:51:35,2025-09-18 17:51:35,True,False,github_search,Lovable,https://lovable.dev,Prompt-to-app web application generator from lovable.dev
3312,Simple Todo 669853,simple-todo - Built with Lovable,https://github.com/Danrozen87/simple-todo-669853,Danrozen87/simple-todo-669853,2025-07-28T12:11:10Z,2025-09-18 17:51:35,2025-09-18 17:51:35,True,False,github_search,Lovable,https://lovable.dev,Prompt-to-app web application generator from lovable.dev
3341,Simple Todo 681032,simple-todo - Built with Lovable,https://github.com/Danrozen87/simple-todo-681032,Danrozen87/simple-todo-681032,2025-07-27T15:38:01Z,2025-09-18 17:51:35,2025-09-18 17:51:35,True,False,github_search,Lovable,https://lovable.dev,Prompt-to-app web application generator from lovable.dev
3346,Simple Todo 761325,simple-todo - Built with Lovable,https://github.com/Danrozen87/simple-todo-761325,Danrozen87/simple-todo-761325,2025-07-27T15:06:01Z,2025-09-18 17:51:35,2025-09-18 17:51:35,True,False,github_search,Lovable,https://lovable.dev,Prompt-to-app web application generator from lovable.dev
3366,Simple Weather 540766,simple-weather - Built with Lovable,https://github.com/Danrozen87/simple-weather-540766,Danrozen87/simple-weather-540766,2025-07-27T11:59:01Z,2025-09-18 17:51:35,2025-09-18 17:51:35,True,False,github_search,Lovable,https://lovable.dev,Prompt-to-app web application generator from lovable.dev
3404,Sip Club,Connection to Lovable app,https://github.com/greg-hahn/sip-club,greg-hahn/sip-club,2025-09-03T22:10:11Z,2025-09-18 17:51:35,2025-09-18 17:51:35,True,False,github_search,Lovable,https://lovable.dev,Prompt-to-app web application generator from lovable.dev
3454,Smart Street Lights Using Iot ,https://animated-smart-glow-show.lovable.app,https://github.com/Gyarauday/Smart-street-lights-using-IoT-,Gyarauday/Smart-street-lights-using-IoT-,2025-08-13T05:52:14Z,2025-09-18 17:51:35,2025-09-18 17:51:35,True,False,github_search,Lovable,https://lovable.dev,Prompt-to-app web application generator from lovable.dev
3422,Social Pro,"https://lovable.dev/projects/0b33af83-a0c0-4f17-a2ee-498376a26ef3#:~:text=0%20Visitors-,shopify%2Dcreator%2Dstudio.lovable.app,-Custom%20domains",https://github.com/riccardoiandolino-art/social-pro,riccardoiandolino-art/social-pro,2025-08-26T11:29:40Z,2025-09-18 17:51:35,2025-09-18 17:51:35,True,False,github_search,Lovable,https://lovable.dev,Prompt-to-app web application generator from lovable.dev
3289,Sonata Post Studio,Django based Classical Music Community website with CRUD functions . Built with Lovable ,https://github.com/samiraikromova/sonata-post-studio,samiraikromova/sonata-post-studio,2025-08-26T12:36:39Z,2025-09-18 17:51:35,2025-09-18 17:51:35,True,False,github_search,Lovable,https://lovable.dev,Prompt-to-app web application generator from lovable.dev
3378,Spilnt,https://splint-ai-study-buddy.lovable.app,https://github.com/SkMahabuSubhani/SPILNT,SkMahabuSubhani/SPILNT,2025-09-18T05:45:14Z,2025-09-18 17:51:35,2025-09-18 17:51:35,True,False,github_search,Lovable,https://lovable.dev,Prompt-to-app web application generator from lovable.dev
3296,Study Resource Hub,"A modern Study Resource Hub built with Lovable.ai ‚Äî offering students curated study guides, interactive quizzes, subject-based notes, and motivational tips to make learning simple, fun, and effective.",https://github.com/kingrae-coder/study-resource-hub,kingrae-coder/study-resource-hub,2025-08-07T21:59:47Z,2025-09-18 17:51:35,2025-09-18 17:51:35,True,False,github_search,Lovable,https://lovable.dev,Prompt-to-app web application generator from lovable.dev
3282,Styleai,"StyleAI (or your chosen name) is a no-code, AI-powered image generation tool built using Lovable AI. It allows users to transform input images into styled or enhanced versions through an intuitive web interface‚Äîno prior coding needed.  Built using Lovable AI, allowing app creation entirely through natural-language prompts and visual tweaks.",https://github.com/anshxs07/StyleAi,anshxs07/StyleAi,2025-09-05T11:58:58Z,2025-09-18 17:51:35,2025-09-18 17:51:35,True,False,github_search,Lovable,https://lovable.dev,Prompt-to-app web application generator from lovable.dev
3452,System Prompts,"FULL v0, Cursor, Manus, Same.dev, Lovable, Devin, Replit Agent, Windsurf Agent, VSCode Agent, Dia Browser, Xcode, Trae AI, Cluely & Orchids.app (And other Open Sourced) System Prompts, Tools & AI Models.",https://github.com/kritsanan1/system-prompts,kritsanan1/system-prompts,2025-08-13T12:02:38Z,2025-09-18 17:51:35,2025-09-18 17:51:35,True,False,github_search,Lovable,https://lovable.dev,Prompt-to-app web application generator from lovable.dev
3380,System Prompts And Models Of Ai Tools,"FULL Augment Code, Claude Code, Cluely, CodeBuddy, Cursor, Devin AI, Junie, Kiro, Leap.new, Lovable, Manus Agent Tools, NotionAI, Orchids.app, Perplexity, Poke, Qoder, Replit, Same.dev, Trae, Traycer AI, VSCode Agent, Warp.dev, Windsurf, Xcode, Z.ai Code, dia & v0. (And other Open Sourced) System Prompts, Internal Tools & AI Models",https://github.com/x1xhlol/system-prompts-and-models-of-ai-tools,x1xhlol/system-prompts-and-models-of-ai-tools,2025-03-05T16:38:29Z,2025-09-18 17:51:35,2025-09-18 17:51:35,True,False,github_search,Lovable,https://lovable.dev,Prompt-to-app web application generator from lovable.dev
3451,System Prompts1,"FULL v0, Cursor, Manus, Same.dev, Lovable, Devin, Replit Agent, Windsurf Agent, VSCode Agent, Dia Browser, Xcode, Trae AI, Cluely & Orchids.app (And other Open Sourced) System Prompts, Tools & AI Models.",https://github.com/kritsanan1/system-prompts1,kritsanan1/system-prompts1,2025-08-13T12:06:06Z,2025-09-18 17:51:35,2025-09-18 17:51:35,True,False,github_search,Lovable,https://lovable.dev,Prompt-to-app web application generator from lovable.dev
3405,Task Scheduling App,With the help of Lovable Ai app builder Build a Task scheduling app,https://github.com/surya042/Task-scheduling-app,surya042/Task-scheduling-app,2025-09-03T03:58:58Z,2025-09-18 17:51:35,2025-09-18 17:51:35,True,False,github_search,Lovable,https://lovable.dev,Prompt-to-app web application generator from lovable.dev
3453,Team Accolades Board,"A low-code app built using Lovable that enables team members to submit appreciation for their peers, which can then be reviewed and endorsed by managers (HCM, Tech Leads, SMs). It fosters a culture of recognition, transparency, and motivation across teams.",https://github.com/selvapitchu/Team_accolades_Board,selvapitchu/Team_accolades_Board,2025-08-13T11:27:03Z,2025-09-18 17:51:35,2025-09-18 17:51:35,True,False,github_search,Lovable,https://lovable.dev,Prompt-to-app web application generator from lovable.dev
3402,Ternary Aplication,"Free, local, open-source AI app builder ‚ú® v0 / lovable / Bolt alternative üåü Star if you like it!",https://github.com/ternarystudioai-code/ternary-aplication,ternarystudioai-code/ternary-aplication,2025-09-02T16:02:26Z,2025-09-18 17:51:35,2025-09-18 17:51:35,True,False,github_search,Lovable,https://lovable.dev,Prompt-to-app web application generator from lovable.dev
3266,Thairacoder,An Open-Source Lovable/v0 using Ollama or Gemini,https://github.com/ThairaHub/thairacoder,ThairaHub/thairacoder,2025-08-18T19:06:41Z,2025-09-18 17:51:35,2025-09-18 17:51:35,True,False,github_search,Lovable,https://lovable.dev,Prompt-to-app web application generator from lovable.dev
3407,Time Tapestry Tasks,To Do List app using lovable,https://github.com/Anjana-0/time-tapestry-tasks,Anjana-0/time-tapestry-tasks,2025-07-05T16:39:18Z,2025-09-18 17:51:35,2025-09-18 17:51:35,True,False,github_search,Lovable,https://lovable.dev,Prompt-to-app web application generator from lovable.dev
3329,To Do,to-do - Built with Lovable,https://github.com/Danrozen87/to-do,Danrozen87/to-do,2025-07-27T18:04:15Z,2025-09-18 17:51:35,2025-09-18 17:51:35,True,False,github_search,Lovable,https://lovable.dev,Prompt-to-app web application generator from lovable.dev
3308,To Do 165015,to-do - Built with Lovable,https://github.com/Danrozen87/to-do-165015,Danrozen87/to-do-165015,2025-07-28T18:59:25Z,2025-09-18 17:51:35,2025-09-18 17:51:35,True,False,github_search,Lovable,https://lovable.dev,Prompt-to-app web application generator from lovable.dev
3309,To Do 350698,to-do - Built with Lovable,https://github.com/Danrozen87/to-do-350698,Danrozen87/to-do-350698,2025-07-28T18:29:11Z,2025-09-18 17:51:35,2025-09-18 17:51:35,True,False,github_search,Lovable,https://lovable.dev,Prompt-to-app web application generator from lovable.dev
3318,To Do 494325,to-do - Built with Lovable,https://github.com/Danrozen87/to-do-494325,Danrozen87/to-do-494325,2025-07-27T22:14:54Z,2025-09-18 17:51:35,2025-09-18 17:51:35,True,False,github_search,Lovable,https://lovable.dev,Prompt-to-app web application generator from lovable.dev
3323,To Do 528567,to-do - Built with Lovable,https://github.com/Danrozen87/to-do-528567,Danrozen87/to-do-528567,2025-07-27T20:52:08Z,2025-09-18 17:51:35,2025-09-18 17:51:35,True,False,github_search,Lovable,https://lovable.dev,Prompt-to-app web application generator from lovable.dev
3304,To Do 994844,to-do - Built with Lovable,https://github.com/Danrozen87/to-do-994844,Danrozen87/to-do-994844,2025-07-28T21:26:35Z,2025-09-18 17:51:35,2025-09-18 17:51:35,True,False,github_search,Lovable,https://lovable.dev,Prompt-to-app web application generator from lovable.dev
3372,To Do App 156430,to-do-app - Built with Lovable,https://github.com/Danrozen87/to-do-app-156430,Danrozen87/to-do-app-156430,2025-07-27T09:39:16Z,2025-09-18 17:51:35,2025-09-18 17:51:35,True,False,github_search,Lovable,https://lovable.dev,Prompt-to-app web application generator from lovable.dev
3373,To Do App 482295,to-do-app - Built with Lovable,https://github.com/Danrozen87/to-do-app-482295,Danrozen87/to-do-app-482295,2025-07-27T09:11:22Z,2025-09-18 17:51:35,2025-09-18 17:51:35,True,False,github_search,Lovable,https://lovable.dev,Prompt-to-app web application generator from lovable.dev
3302,To Do Ley61T,to-do-ley61t - Built with Lovable,https://github.com/Danrozen87/to-do-ley61t,Danrozen87/to-do-ley61t,2025-07-28T21:39:47Z,2025-09-18 17:51:35,2025-09-18 17:51:35,True,False,github_search,Lovable,https://lovable.dev,Prompt-to-app web application generator from lovable.dev
3288,To Do List Web App,A new app built with Lovable AI that helps you stay organized and get things done beautifully.  Published at: https://petal-todo-bliss.lovable.app/,https://github.com/sowmya-8/To-Do-List-Web-App,sowmya-8/To-Do-List-Web-App,2025-08-29T16:16:02Z,2025-09-18 17:51:35,2025-09-18 17:51:35,True,False,github_search,Lovable,https://lovable.dev,Prompt-to-app web application generator from lovable.dev
3300,To Do M8I0Gm,to-do-m8i0gm - Built with Lovable,https://github.com/Danrozen87/to-do-m8i0gm,Danrozen87/to-do-m8i0gm,2025-07-28T21:44:07Z,2025-09-18 17:51:35,2025-09-18 17:51:35,True,False,github_search,Lovable,https://lovable.dev,Prompt-to-app web application generator from lovable.dev
3303,Todo All,todo-all - Built with Lovable,https://github.com/Danrozen87/todo-all,Danrozen87/todo-all,2025-07-28T21:33:51Z,2025-09-18 17:51:35,2025-09-18 17:51:35,True,False,github_search,Lovable,https://lovable.dev,Prompt-to-app web application generator from lovable.dev
3299,Todo App 061838,todo-app - Built with Lovable,https://github.com/Danrozen87/todo-app-061838,Danrozen87/todo-app-061838,2025-07-28T21:44:22Z,2025-09-18 17:51:35,2025-09-18 17:51:35,True,False,github_search,Lovable,https://lovable.dev,Prompt-to-app web application generator from lovable.dev
3363,Todo App 190567,todo-app - Built with Lovable,https://github.com/Danrozen87/todo-app-190567,Danrozen87/todo-app-190567,2025-07-27T12:09:50Z,2025-09-18 17:51:35,2025-09-18 17:51:35,True,False,github_search,Lovable,https://lovable.dev,Prompt-to-app web application generator from lovable.dev
3322,Todo App 210508,todo-app - Built with Lovable,https://github.com/Danrozen87/todo-app-210508,Danrozen87/todo-app-210508,2025-07-27T21:03:30Z,2025-09-18 17:51:35,2025-09-18 17:51:35,True,False,github_search,Lovable,https://lovable.dev,Prompt-to-app web application generator from lovable.dev
3314,Todo App 216170,todo-app - Built with Lovable,https://github.com/Danrozen87/todo-app-216170,Danrozen87/todo-app-216170,2025-07-28T08:26:56Z,2025-09-18 17:51:35,2025-09-18 17:51:35,True,False,github_search,Lovable,https://lovable.dev,Prompt-to-app web application generator from lovable.dev
3348,Todo App 287104,todo-app - Built with Lovable,https://github.com/Danrozen87/todo-app-287104,Danrozen87/todo-app-287104,2025-07-27T14:58:07Z,2025-09-18 17:51:35,2025-09-18 17:51:35,True,False,github_search,Lovable,https://lovable.dev,Prompt-to-app web application generator from lovable.dev
3361,Todo App 392888,todo-app - Built with Lovable,https://github.com/Danrozen87/todo-app-392888,Danrozen87/todo-app-392888,2025-07-27T12:29:53Z,2025-09-18 17:51:35,2025-09-18 17:51:35,True,False,github_search,Lovable,https://lovable.dev,Prompt-to-app web application generator from lovable.dev
3324,Todo App 428668,todo-app - Built with Lovable,https://github.com/Danrozen87/todo-app-428668,Danrozen87/todo-app-428668,2025-07-27T20:17:09Z,2025-09-18 17:51:35,2025-09-18 17:51:35,True,False,github_search,Lovable,https://lovable.dev,Prompt-to-app web application generator from lovable.dev
3357,Todo App 463580,todo-app - Built with Lovable,https://github.com/Danrozen87/todo-app-463580,Danrozen87/todo-app-463580,2025-07-27T13:04:23Z,2025-09-18 17:51:35,2025-09-18 17:51:35,True,False,github_search,Lovable,https://lovable.dev,Prompt-to-app web application generator from lovable.dev
3359,Todo App 476617,todo-app - Built with Lovable,https://github.com/Danrozen87/todo-app-476617,Danrozen87/todo-app-476617,2025-07-27T12:47:56Z,2025-09-18 17:51:35,2025-09-18 17:51:35,True,False,github_search,Lovable,https://lovable.dev,Prompt-to-app web application generator from lovable.dev
3321,Todo App 481857,todo-app - Built with Lovable,https://github.com/Danrozen87/todo-app-481857,Danrozen87/todo-app-481857,2025-07-27T21:41:22Z,2025-09-18 17:51:35,2025-09-18 17:51:35,True,False,github_search,Lovable,https://lovable.dev,Prompt-to-app web application generator from lovable.dev
3307,Todo App 495114,todo-app - Built with Lovable,https://github.com/Danrozen87/todo-app-495114,Danrozen87/todo-app-495114,2025-07-28T21:18:15Z,2025-09-18 17:51:35,2025-09-18 17:51:35,True,False,github_search,Lovable,https://lovable.dev,Prompt-to-app web application generator from lovable.dev
3344,Todo App 497928,todo-app - Built with Lovable,https://github.com/Danrozen87/todo-app-497928,Danrozen87/todo-app-497928,2025-07-27T15:18:18Z,2025-09-18 17:51:35,2025-09-18 17:51:35,True,False,github_search,Lovable,https://lovable.dev,Prompt-to-app web application generator from lovable.dev
3306,Todo App 535648,todo-app - Built with Lovable,https://github.com/Danrozen87/todo-app-535648,Danrozen87/todo-app-535648,2025-07-28T21:18:56Z,2025-09-18 17:51:35,2025-09-18 17:51:35,True,False,github_search,Lovable,https://lovable.dev,Prompt-to-app web application generator from lovable.dev
3347,Todo App 597733,todo-app - Built with Lovable,https://github.com/Danrozen87/todo-app-597733,Danrozen87/todo-app-597733,2025-07-27T15:03:18Z,2025-09-18 17:51:35,2025-09-18 17:51:35,True,False,github_search,Lovable,https://lovable.dev,Prompt-to-app web application generator from lovable.dev
3349,Todo App 610864,todo-app - Built with Lovable,https://github.com/Danrozen87/todo-app-610864,Danrozen87/todo-app-610864,2025-07-27T14:46:51Z,2025-09-18 17:51:35,2025-09-18 17:51:35,True,False,github_search,Lovable,https://lovable.dev,Prompt-to-app web application generator from lovable.dev
3305,Todo App 639785,todo-app - Built with Lovable,https://github.com/Danrozen87/todo-app-639785,Danrozen87/todo-app-639785,2025-07-28T21:20:40Z,2025-09-18 17:51:35,2025-09-18 17:51:35,True,False,github_search,Lovable,https://lovable.dev,Prompt-to-app web application generator from lovable.dev
3325,Todo App 720312,todo-app - Built with Lovable,https://github.com/Danrozen87/todo-app-720312,Danrozen87/todo-app-720312,2025-07-27T18:25:20Z,2025-09-18 17:51:35,2025-09-18 17:51:35,True,False,github_search,Lovable,https://lovable.dev,Prompt-to-app web application generator from lovable.dev
3355,Todo App 758758,todo-app - Built with Lovable,https://github.com/Danrozen87/todo-app-758758,Danrozen87/todo-app-758758,2025-07-27T13:09:19Z,2025-09-18 17:51:35,2025-09-18 17:51:35,True,False,github_search,Lovable,https://lovable.dev,Prompt-to-app web application generator from lovable.dev
3310,Todo App 803486,todo-app - Built with Lovable,https://github.com/Danrozen87/todo-app-803486,Danrozen87/todo-app-803486,2025-07-28T14:10:03Z,2025-09-18 17:51:35,2025-09-18 17:51:35,True,False,github_search,Lovable,https://lovable.dev,Prompt-to-app web application generator from lovable.dev
3301,Todo App 805014,todo-app - Built with Lovable,https://github.com/Danrozen87/todo-app-805014,Danrozen87/todo-app-805014,2025-07-28T21:40:05Z,2025-09-18 17:51:35,2025-09-18 17:51:35,True,False,github_search,Lovable,https://lovable.dev,Prompt-to-app web application generator from lovable.dev
3320,Todo App 812889,todo-app - Built with Lovable,https://github.com/Danrozen87/todo-app-812889,Danrozen87/todo-app-812889,2025-07-27T21:46:53Z,2025-09-18 17:51:35,2025-09-18 17:51:35,True,False,github_search,Lovable,https://lovable.dev,Prompt-to-app web application generator from lovable.dev
3313,Todo App 822633,todo-app - Built with Lovable,https://github.com/Danrozen87/todo-app-822633,Danrozen87/todo-app-822633,2025-07-28T11:57:02Z,2025-09-18 17:51:35,2025-09-18 17:51:35,True,False,github_search,Lovable,https://lovable.dev,Prompt-to-app web application generator from lovable.dev
3358,Todo App 846079,todo-app - Built with Lovable,https://github.com/Danrozen87/todo-app-846079,Danrozen87/todo-app-846079,2025-07-27T12:54:06Z,2025-09-18 17:51:35,2025-09-18 17:51:35,True,False,github_search,Lovable,https://lovable.dev,Prompt-to-app web application generator from lovable.dev
3319,Todo App 871198,todo-app - Built with Lovable,https://github.com/Danrozen87/todo-app-871198,Danrozen87/todo-app-871198,2025-07-27T22:04:31Z,2025-09-18 17:51:35,2025-09-18 17:51:35,True,False,github_search,Lovable,https://lovable.dev,Prompt-to-app web application generator from lovable.dev
3315,Todo App 979154,todo-app - Built with Lovable,https://github.com/Danrozen87/todo-app-979154,Danrozen87/todo-app-979154,2025-07-28T08:22:59Z,2025-09-18 17:51:35,2025-09-18 17:51:35,True,False,github_search,Lovable,https://lovable.dev,Prompt-to-app web application generator from lovable.dev
3416,Toolstest,"Free, local, open-source AI app builder ‚ú® v0 / lovable / Bolt alternative üåü Star if you like it!",https://github.com/mactor5/toolstest,mactor5/toolstest,2025-08-29T19:51:06Z,2025-09-18 17:51:35,2025-09-18 17:51:35,True,False,github_search,Lovable,https://lovable.dev,Prompt-to-app web application generator from lovable.dev
3399,Travel Tales,"AI-powered web app that transforms messy photo collections into curated digital albums and collectible photobooks. Built with React (Vite + TS + Tailwind) and FastAPI, featuring AI curation, JWT auth, subscription gating, and a Lovable-designed landing page.",https://github.com/ibrahimm7004/travel-tales,ibrahimm7004/travel-tales,2025-09-08T14:09:17Z,2025-09-18 17:51:35,2025-09-18 17:51:35,True,False,github_search,Lovable,https://lovable.dev,Prompt-to-app web application generator from lovable.dev
2845,Untitled,"Lovable project by The Boxx Oficial - 314 edits, 347 messages",https://derretesujeira.lovable.app,d8a70e0f-bb64-4b7a-b8bd-13a234c70845,2025-09-18T11:21:54.053438,2025-09-18T11:21:54.053440,2025-09-18 15:21:54,True,False,api_gallery,Lovable,https://lovable.dev,Prompt-to-app web application generator from lovable.dev
2846,Untitled,"Lovable project by Victor Potapov - 60 edits, 78 messages",https://hubforce-website-thomas.lovable.app,5bcb6f9e-7bb1-41a1-b1a2-3d45c549590a,2025-09-18T11:21:54.054924,2025-09-18T11:21:54.054927,2025-09-18 15:21:54,True,False,api_gallery,Lovable,https://lovable.dev,Prompt-to-app web application generator from lovable.dev
2847,Untitled,"Lovable project by √Ångel Ruz - 236 edits, 281 messages",https://seo-evolution-ia.lovable.app,8f4e0cb3-546d-4528-9687-8899f14664d6,2025-09-18T11:21:54.055429,2025-09-18T11:21:54.055432,2025-09-18 15:21:54,True,False,api_gallery,Lovable,https://lovable.dev,Prompt-to-app web application generator from lovable.dev
2848,Untitled,"Lovable project by  - 54 edits, 77 messages",https://videozone-player.lovable.app,aaad18c8-c8de-4726-ac5d-812ac1d7fbfc,2025-09-18T11:21:54.055455,2025-09-18T11:21:54.055456,2025-09-18 15:21:54,True,False,api_gallery,Lovable,https://lovable.dev,Prompt-to-app web application generator from lovable.dev
2849,Untitled,"Lovable project by  - 133 edits, 157 messages",https://daily-opportunities.lovable.app,4656c562-5e21-4973-90e8-d81b29bc4aeb,2025-09-18T11:21:54.055814,2025-09-18T11:21:54.055816,2025-09-18 15:21:54,True,False,api_gallery,Lovable,https://lovable.dev,Prompt-to-app web application generator from lovable.dev
2850,Untitled,"Lovable project by henrik - 8 edits, 9 messages",https://cryptocurrency-trading-dashboard.lovable.app,ad6b25f3-65b0-4cdc-978f-72d1735712c6,2025-09-18T11:21:54.055837,2025-09-18T11:21:54.055839,2025-09-18 15:21:54,True,False,api_gallery,Lovable,https://lovable.dev,Prompt-to-app web application generator from lovable.dev
2851,Untitled,"Lovable project by  - 802 edits, 909 messages",https://gloria-live.lovable.app,13082275-0384-40a2-a869-b628847c1761,2025-09-18T11:21:54.055855,2025-09-18T11:21:54.055856,2025-09-18 15:21:54,True,False,api_gallery,Lovable,https://lovable.dev,Prompt-to-app web application generator from lovable.dev
2852,Untitled,"Lovable project by  - 455 edits, 657 messages",https://legislative-simulator.lovable.app,dad40f66-6097-470f-a8d7-de7434812991,2025-09-18T11:21:54.056071,2025-09-18T11:21:54.056072,2025-09-18 15:21:54,True,False,api_gallery,Lovable,https://lovable.dev,Prompt-to-app web application generator from lovable.dev
2853,Untitled,"Lovable project by Rezaul Arif - 157 edits, 174 messages",https://pulse-robot-template.lovable.app,35d72d2e-6e25-40e5-9b0c-c0d1a7c1b727,2025-09-18T11:21:54.056103,2025-09-18T11:21:54.056104,2025-09-18 15:21:54,True,False,api_gallery,Lovable,https://lovable.dev,Prompt-to-app web application generator from lovable.dev
2854,Untitled,"Lovable project by  - 70 edits, 73 messages",https://adventurous-resort-hub.lovable.app,15d22a8d-159c-4e5f-955c-69d700cd8ccd,2025-09-18T11:21:54.056120,2025-09-18T11:21:54.056121,2025-09-18 15:21:54,True,False,api_gallery,Lovable,https://lovable.dev,Prompt-to-app web application generator from lovable.dev
2855,Untitled,"Lovable project by apu242007 - 72 edits, 77 messages",https://exertion-landing-creative.lovable.app,75ed4f10-3007-4e85-95b7-35ae8ca3aa63,2025-09-18T11:21:54.056136,2025-09-18T11:21:54.056137,2025-09-18 15:21:54,True,False,api_gallery,Lovable,https://lovable.dev,Prompt-to-app web application generator from lovable.dev
2856,Untitled,"Lovable project by Denitsa Kostova - 81 edits, 178 messages",https://monotes-euroconversion.lovable.app,e3cd9c8c-1fee-41a1-bb02-0ad354f35041,2025-09-18T11:21:54.056326,2025-09-18T11:21:54.056330,2025-09-18 15:21:54,True,False,api_gallery,Lovable,https://lovable.dev,Prompt-to-app web application generator from lovable.dev
2857,Untitled,"Lovable project by yogic_guide - 483 edits, 553 messages",https://mindful-reconnect-retreat.lovable.app,5a8ff7bb-9c0a-4efa-8660-dc340ac752db,2025-09-18T11:21:54.056357,2025-09-18T11:21:54.056358,2025-09-18 15:21:54,True,False,api_gallery,Lovable,https://lovable.dev,Prompt-to-app web application generator from lovable.dev
2858,Untitled,"Lovable project by  - 174 edits, 242 messages",https://command-main.lovable.app,47908aa5-d706-4c59-86b6-18dc7ae75dac,2025-09-18T11:21:54.056377,2025-09-18T11:21:54.056378,2025-09-18 15:21:54,True,False,api_gallery,Lovable,https://lovable.dev,Prompt-to-app web application generator from lovable.dev
2859,Untitled,"Lovable project by  - 27 edits, 27 messages",https://sunmoon-tracker.lovable.app,5f2fcaba-6a54-451d-8679-19b5992d2ed8,2025-09-18T11:21:54.056394,2025-09-18T11:21:54.056395,2025-09-18 15:21:54,True,False,api_gallery,Lovable,https://lovable.dev,Prompt-to-app web application generator from lovable.dev
2860,Untitled,"Lovable project by MR ELGIZA - 150 edits, 199 messages",https://space-galaxy-miner-62-33-22.lovable.app,e5621f93-400a-4737-90fb-0713cfcaeef3,2025-09-18T11:21:54.056411,2025-09-18T11:21:54.056411,2025-09-18 15:21:54,True,False,api_gallery,Lovable,https://lovable.dev,Prompt-to-app web application generator from lovable.dev
2861,Untitled,"Lovable project by  - 1222 edits, 1346 messages",https://kinedu-discount-tribe.lovable.app,e86405d6-f881-4496-8119-198aaa6e4a4e,2025-09-18T11:21:54.056442,2025-09-18T11:21:54.056443,2025-09-18 15:21:54,True,False,api_gallery,Lovable,https://lovable.dev,Prompt-to-app web application generator from lovable.dev
2862,Untitled,"Lovable project by empenini - 106 edits, 116 messages",https://benchcraft.lovable.app,93cad165-50cd-4414-a8a0-a2bc80e3c0d4,2025-09-18T11:21:54.056531,2025-09-18T11:21:54.056532,2025-09-18 15:21:54,True,False,api_gallery,Lovable,https://lovable.dev,Prompt-to-app web application generator from lovable.dev
2863,Untitled,"Lovable project by  - 569 edits, 613 messages",https://jrprovement.lovable.app,64421a17-7231-4281-aeef-85074b91d583,2025-09-18T11:21:54.056549,2025-09-18T11:21:54.056550,2025-09-18 15:21:54,True,False,api_gallery,Lovable,https://lovable.dev,Prompt-to-app web application generator from lovable.dev
2864,Untitled,"Lovable project by Felix Haas - 1 edits, 7 messages",https://fintech-template-new.lovable.app,f6d24b42-eabd-4144-90ef-f832e54b0340,2025-09-18T11:21:54.056565,2025-09-18T11:21:54.056565,2025-09-18 15:21:54,True,False,api_gallery,Lovable,https://lovable.dev,Prompt-to-app web application generator from lovable.dev
2865,Untitled,"Lovable project by Alexandre Pesant - 107 edits, 115 messages",https://wiktok.gptengineer.run,201b8585-1009-4e6a-8111-16078ed87215,2025-09-18T11:21:54.056580,2025-09-18T11:21:54.056581,2025-09-18 15:21:54,True,False,api_gallery,Lovable,https://lovable.dev,Prompt-to-app web application generator from lovable.dev
2866,Untitled,"Lovable project by Stephane Boghossian - 81 edits, 86 messages",https://cortex-second-brain.lovable.app,513db1a2-0fcc-4643-bd43-f10d076dfa80,2025-09-18T11:21:54.056596,2025-09-18T11:21:54.056596,2025-09-18 15:21:54,True,False,api_gallery,Lovable,https://lovable.dev,Prompt-to-app web application generator from lovable.dev
2867,Untitled,"Lovable project by freax4gigs  - 39 edits, 42 messages",https://psk-services.lovable.app,4895dbd0-4609-4ca0-9728-8cee578eee22,2025-09-18T11:21:54.056613,2025-09-18T11:21:54.056613,2025-09-18 15:21:54,True,False,api_gallery,Lovable,https://lovable.dev,Prompt-to-app web application generator from lovable.dev
2868,Untitled,"Lovable project by Rezaul Arif - 109 edits, 117 messages",https://crypto-trade-template.lovable.app,92dc0c12-c831-4ed8-9ab7-0f875920f45d,2025-09-18T11:21:54.056630,2025-09-18T11:21:54.056630,2025-09-18 15:21:54,True,False,api_gallery,Lovable,https://lovable.dev,Prompt-to-app web application generator from lovable.dev
2869,Untitled,"Lovable project by  - 6 edits, 6 messages",https://fleetvision-dashboard.lovable.app,c594b903-f9bb-4c9a-8779-50dee146516a,2025-09-18T11:21:54.056645,2025-09-18T11:21:54.056646,2025-09-18 15:21:54,True,False,api_gallery,Lovable,https://lovable.dev,Prompt-to-app web application generator from lovable.dev
2870,Untitled,"Lovable project by Stephane Boghossian - 15 edits, 15 messages",https://characterforge-imagix.lovable.app,fafe259a-ff46-45f0-812e-1c598bf4b505,2025-09-18T11:21:54.056660,2025-09-18T11:21:54.056661,2025-09-18 15:21:54,True,False,api_gallery,Lovable,https://lovable.dev,Prompt-to-app web application generator from lovable.dev
2871,Untitled,"Lovable project by Blixt - 0 edits, 0 messages",https://gradient-magic-tool.gptengineer.run,ed4d667a-ee8f-4d9a-b348-7248e9bc21e7,2025-09-18T11:21:54.056678,2025-09-18T11:21:54.056679,2025-09-18 15:21:54,True,False,api_gallery,Lovable,https://lovable.dev,Prompt-to-app web application generator from lovable.dev
2872,Untitled,"Lovable project by Stephane Boghossian - 4 edits, 4 messages",,84322c50-98b7-4990-ba4e-2545accf5d91,2025-09-18T11:21:54.056908,2025-09-18T11:21:54.056910,2025-09-18 15:21:54,True,False,api_gallery,Lovable,https://lovable.dev,Prompt-to-app web application generator from lovable.dev
2873,Untitled,"Lovable project by  - 55 edits, 58 messages",https://billify-generator.gptengineer.run,1340b42f-5412-43e0-b239-b5fdabd2feb7,2025-09-18T11:21:54.056926,2025-09-18T11:21:54.056927,2025-09-18 15:21:54,True,False,api_gallery,Lovable,https://lovable.dev,Prompt-to-app web application generator from lovable.dev
2874,Untitled,"Lovable project by  - 86 edits, 88 messages",https://agri-dom.lovable.app,721b7097-37cd-4dc4-8946-0910b3ea8bc7,2025-09-18T11:21:54.056943,2025-09-18T11:21:54.056944,2025-09-18 15:21:54,True,False,api_gallery,Lovable,https://lovable.dev,Prompt-to-app web application generator from lovable.dev
2875,Untitled,"Lovable project by  - 277 edits, 336 messages",https://wrlds-ai-integration.lovable.app,ec1d4f1e-2506-4da5-a91b-34afa90cceb6,2025-09-18T11:21:54.056961,2025-09-18T11:21:54.056962,2025-09-18 15:21:54,True,False,api_gallery,Lovable,https://lovable.dev,Prompt-to-app web application generator from lovable.dev
2876,Untitled,"Lovable project by Claudio Tonelli - 6 edits, 6 messages",https://market-mosaic-online.lovable.app,a8baea9a-97ae-4008-b023-5de63357c0e2,2025-09-18T11:21:54.056977,2025-09-18T11:21:54.056978,2025-09-18 15:21:54,True,False,api_gallery,Lovable,https://lovable.dev,Prompt-to-app web application generator from lovable.dev
2877,Untitled,"Lovable project by  - 389 edits, 410 messages",https://trailguidecoihues.lovable.app,aa3f66a7-cf0f-41ac-99b0-6838871e6ffa,2025-09-18T11:21:54.057054,2025-09-18T11:21:54.057055,2025-09-18 15:21:54,True,False,api_gallery,Lovable,https://lovable.dev,Prompt-to-app web application generator from lovable.dev
2878,Untitled,"Lovable project by Yann Schaub - 54 edits, 60 messages",https://broker-calendar-viewer.lovable.app,a6bae859-bda9-499a-bdb3-a6216e88582d,2025-09-18T11:21:54.057236,2025-09-18T11:21:54.057237,2025-09-18 15:21:54,True,False,api_gallery,Lovable,https://lovable.dev,Prompt-to-app web application generator from lovable.dev
2879,Untitled,"Lovable project by Katrin - 0 edits, 0 messages",https://modern-crypto-explorer.gptengineer.run,ee04c815-b8e1-4b33-ac0a-de8dafe84c07,2025-09-18T11:21:54.057256,2025-09-18T11:21:54.057257,2025-09-18 15:21:54,True,False,api_gallery,Lovable,https://lovable.dev,Prompt-to-app web application generator from lovable.dev
2880,Untitled,"Lovable project by Anton Osika - 2 edits, 2 messages",https://mermaid-sketcher.lovable.app,e751f4c0-8ecf-4b68-92d9-99805a66e66e,2025-09-18T11:21:54.057520,2025-09-18T11:21:54.057521,2025-09-18 15:21:54,True,False,api_gallery,Lovable,https://lovable.dev,Prompt-to-app web application generator from lovable.dev
2881,Untitled,"Lovable project by Stephane Boghossian - 6 edits, 6 messages",https://sleekbloghaven.lovable.app,ec05ba79-234e-4be5-a727-83aee50417dc,2025-09-18T11:21:54.057542,2025-09-18T11:21:54.057543,2025-09-18 15:21:54,True,False,api_gallery,Lovable,https://lovable.dev,Prompt-to-app web application generator from lovable.dev
2882,Untitled,"Lovable project by kyvik - 0 edits, 0 messages",https://crypto-glance-haven.gptengineer.run,fce49b51-9c1b-4f19-8b1e-ed4397813ecf,2025-09-18T11:21:54.057560,2025-09-18T11:21:54.057561,2025-09-18 15:21:54,True,False,api_gallery,Lovable,https://lovable.dev,Prompt-to-app web application generator from lovable.dev
2883,Untitled,"Lovable project by  - 49 edits, 53 messages",https://orangery-ventures-harmony.lovable.app,f34e3a91-e821-4705-9e65-257dcf59254e,2025-09-18T11:21:54.057582,2025-09-18T11:21:54.057583,2025-09-18 15:21:54,True,False,api_gallery,Lovable,https://lovable.dev,Prompt-to-app web application generator from lovable.dev
2884,Untitled,"Lovable project by  - 6 edits, 8 messages",https://ai-medico.lovable.app,aa279978-3c9a-4234-aa0f-786f66eac3bb,2025-09-18T11:21:54.057606,2025-09-18T11:21:54.057607,2025-09-18 15:21:54,True,False,api_gallery,Lovable,https://lovable.dev,Prompt-to-app web application generator from lovable.dev
2885,Untitled,"Lovable project by  - 0 edits, 0 messages",https://dark-tetris-dreamscape-80.gptengineer.run,8a2596c6-cba7-457c-88a7-b54a90f72aa4,2025-09-18T11:21:54.057624,2025-09-18T11:21:54.057625,2025-09-18 15:21:54,True,False,api_gallery,Lovable,https://lovable.dev,Prompt-to-app web application generator from lovable.dev
2886,Untitled,"Lovable project by Niklas Vatn - 54 edits, 56 messages",https://pdf.gptengineer.run,27cfe287-8317-4a6a-99f8-a922c51d0eee,2025-09-18T11:21:54.057644,2025-09-18T11:21:54.057645,2025-09-18 15:21:54,True,False,api_gallery,Lovable,https://lovable.dev,Prompt-to-app web application generator from lovable.dev
2887,Untitled,"Lovable project by Stephane Boghossian - 1 edits, 1 messages",https://custom-portfolio-pixie.lovable.app,65bb2eae-24c2-40ab-ad5b-5debdd36b412,2025-09-18T11:21:54.057665,2025-09-18T11:21:54.057666,2025-09-18 15:21:54,True,False,api_gallery,Lovable,https://lovable.dev,Prompt-to-app web application generator from lovable.dev
2888,Untitled,"Lovable project by  - 63 edits, 72 messages",https://glow-convert-sell.lovable.app,50068c47-1a49-461d-a839-cedf70ff9dd5,2025-09-18T11:21:54.057685,2025-09-18T11:21:54.057686,2025-09-18 15:21:54,True,False,api_gallery,Lovable,https://lovable.dev,Prompt-to-app web application generator from lovable.dev
2889,Untitled,"Lovable project by  - 74 edits, 98 messages",https://animus-code-echo.lovable.app,b305cd02-581b-424b-a241-95403776a93e,2025-09-18T11:21:54.057702,2025-09-18T11:21:54.057702,2025-09-18 15:21:54,True,False,api_gallery,Lovable,https://lovable.dev,Prompt-to-app web application generator from lovable.dev
2890,Untitled,"Lovable project by olucasmf - 232 edits, 275 messages",https://forklift-navigator.lovable.app,569a64aa-fd54-4462-a091-9529939f2136,2025-09-18T11:21:54.057718,2025-09-18T11:21:54.057719,2025-09-18 15:21:54,True,False,api_gallery,Lovable,https://lovable.dev,Prompt-to-app web application generator from lovable.dev
2891,Untitled,"Lovable project by Alexandre Pesant - 14 edits, 17 messages",https://qr-code-alchemist.gptengineer.run,e605595a-b3f9-48bd-a142-171e847ab4ad,2025-09-18T11:21:54.057735,2025-09-18T11:21:54.057735,2025-09-18 15:21:54,True,False,api_gallery,Lovable,https://lovable.dev,Prompt-to-app web application generator from lovable.dev
2892,Untitled,"Lovable project by Anton Osika - 13 edits, 13 messages",https://gravity-shape-playground.gptengineer.run,ff3ec4dd-6a2b-46bb-8b6a-03534e43b137,2025-09-18T11:21:54.057817,2025-09-18T11:21:54.057818,2025-09-18 15:21:54,True,False,api_gallery,Lovable,https://lovable.dev,Prompt-to-app web application generator from lovable.dev
2893,Untitled,"Lovable project by Stephane Boghossian - 6 edits, 8 messages",https://patrick-boghossian-ring-sizer.lovable.app,e80b4e6f-f37e-4186-8826-02a6da11169d,2025-09-18T11:21:54.057840,2025-09-18T11:21:54.057840,2025-09-18 15:21:54,True,False,api_gallery,Lovable,https://lovable.dev,Prompt-to-app web application generator from lovable.dev
2894,Untitled,"Lovable project by  - 11 edits, 11 messages",https://bill-splitter-jy.gptengineer.run,aa190727-c5c1-4cd0-bf06-3a3dc8e4c858,2025-09-18T11:21:54.057870,2025-09-18T11:21:54.057871,2025-09-18 15:21:54,True,False,api_gallery,Lovable,https://lovable.dev,Prompt-to-app web application generator from lovable.dev
2895,Untitled,"Lovable project by Alexandre Pesant - 27 edits, 31 messages",https://chatgpt-clone.gptengineer.run,4e4f8fa9-169c-4762-b885-56ac83b4ade3,2025-09-18T11:21:54.057890,2025-09-18T11:21:54.057891,2025-09-18 15:21:54,True,False,api_gallery,Lovable,https://lovable.dev,Prompt-to-app web application generator from lovable.dev
2896,Untitled,"Lovable project by  - 75 edits, 79 messages",https://yodacart.lovable.app,98b16466-2797-4092-b6d5-c01fe345412f,2025-09-18T11:21:54.057907,2025-09-18T11:21:54.057908,2025-09-18 15:21:54,True,False,api_gallery,Lovable,https://lovable.dev,Prompt-to-app web application generator from lovable.dev
2897,Untitled,"Lovable project by Stephane Boghossian - 2 edits, 2 messages",https://prompt-enhancer-grove.lovable.app,d56d67db-1c50-48f2-960c-1aa41fc88736,2025-09-18T11:21:54.057939,2025-09-18T11:21:54.057940,2025-09-18 15:21:54,True,False,api_gallery,Lovable,https://lovable.dev,Prompt-to-app web application generator from lovable.dev
2898,Untitled,"Lovable project by  - 45 edits, 46 messages",https://augmend.lovable.app,9038b371-6dbf-4da7-913d-05b35e78c539,2025-09-18T11:21:54.057957,2025-09-18T11:21:54.057957,2025-09-18 15:21:54,True,False,api_gallery,Lovable,https://lovable.dev,Prompt-to-app web application generator from lovable.dev
2899,Untitled,"Lovable project by  - 476 edits, 515 messages",https://agent-haven-cloud.lovable.app,3f31265b-5461-4ba2-8fb1-cca4e32762b0,2025-09-18T11:21:54.057994,2025-09-18T11:21:54.057995,2025-09-18 15:21:54,True,False,api_gallery,Lovable,https://lovable.dev,Prompt-to-app web application generator from lovable.dev
2900,Untitled,"Lovable project by Anton Osika - 0 edits, 0 messages",https://clientlark-portal.gptengineer.run,a95ee2f8-071c-4a9a-8813-cd5a644fd400,2025-09-18T11:21:54.058017,2025-09-18T11:21:54.058018,2025-09-18 15:21:54,True,False,api_gallery,Lovable,https://lovable.dev,Prompt-to-app web application generator from lovable.dev
2901,Untitled,"Lovable project by Anton Osika - 0 edits, 0 messages",https://slither-duel.gptengineer.run,092fde97-6dbb-4a7b-aa83-cc519f36adea,2025-09-18T11:21:54.058035,2025-09-18T11:21:54.058036,2025-09-18 15:21:54,True,False,api_gallery,Lovable,https://lovable.dev,Prompt-to-app web application generator from lovable.dev
2902,Untitled,"Lovable project by kyvik - 0 edits, 0 messages",https://monster-landing-magic.lovable.app,6fb25ca9-773a-4499-aa1a-2c5df274248d,2025-09-18T11:21:54.058059,2025-09-18T11:21:54.058059,2025-09-18 15:21:54,True,False,api_gallery,Lovable,https://lovable.dev,Prompt-to-app web application generator from lovable.dev
2903,Untitled,"Lovable project by  - 288 edits, 339 messages",https://chatiwy-connectivity.lovable.app,3dbb57c6-f5b2-4ab4-8bfb-6775b6a8847e,2025-09-18T11:21:54.058082,2025-09-18T11:21:54.058083,2025-09-18 15:21:54,True,False,api_gallery,Lovable,https://lovable.dev,Prompt-to-app web application generator from lovable.dev
2904,Untitled,"Lovable project by Alexandre Pesant - 19 edits, 20 messages",https://three-doomscape.lovable.app,002cd3e6-84d8-4e08-b591-1189989b8833,2025-09-18T11:21:54.058101,2025-09-18T11:21:54.058102,2025-09-18 15:21:54,True,False,api_gallery,Lovable,https://lovable.dev,Prompt-to-app web application generator from lovable.dev
2905,Untitled,"Lovable project by  - 12 edits, 12 messages",https://myroom-2024.lovable.app,354d51dd-df50-48f7-9863-b78fe0ae4cd5,2025-09-18T11:21:54.058118,2025-09-18T11:21:54.058118,2025-09-18 15:21:54,True,False,api_gallery,Lovable,https://lovable.dev,Prompt-to-app web application generator from lovable.dev
2906,Untitled,"Lovable project by  - 18 edits, 19 messages",https://chromatic-code-canvas.lovable.app,2fee0261-0c75-46e7-822e-2a20e786f0f2,2025-09-18T11:21:54.058135,2025-09-18T11:21:54.058136,2025-09-18 15:21:54,True,False,api_gallery,Lovable,https://lovable.dev,Prompt-to-app web application generator from lovable.dev
2907,Untitled,"Lovable project by  - 206 edits, 218 messages",https://sky-brawler-clouds.lovable.app,ca867e87-efc5-4339-96ba-9f9886e6a8e1,2025-09-18T11:21:54.058159,2025-09-18T11:21:54.058160,2025-09-18 15:21:54,True,False,api_gallery,Lovable,https://lovable.dev,Prompt-to-app web application generator from lovable.dev
2908,Untitled,"Lovable project by  - 48 edits, 50 messages",https://indexia.lovable.app,726068bb-0656-45c6-88cc-160399191a08,2025-09-18T11:21:54.058228,2025-09-18T11:21:54.058229,2025-09-18 15:21:54,True,False,api_gallery,Lovable,https://lovable.dev,Prompt-to-app web application generator from lovable.dev
2909,Untitled,"Lovable project by Konstantin Zolozhkov - 6 edits, 6 messages",https://draw-to-3d.lovable.app,c116cdc9-8972-4d69-a0d7-d76e6f709e57,2025-09-18T11:21:54.058259,2025-09-18T11:21:54.058260,2025-09-18 15:21:54,True,False,api_gallery,Lovable,https://lovable.dev,Prompt-to-app web application generator from lovable.dev
2910,Untitled,"Lovable project by Stephane Boghossian - 3 edits, 6 messages",https://llm-comparo-analytics.lovable.app,d7afc8be-8140-436c-8920-4b449110ec45,2025-09-18T11:21:54.058306,2025-09-18T11:21:54.058307,2025-09-18 15:21:54,True,False,api_gallery,Lovable,https://lovable.dev,Prompt-to-app web application generator from lovable.dev
2911,Untitled,"Lovable project by  - 9 edits, 9 messages",https://chill-guy-meme-creator.lovable.app,b4b637b7-e427-4644-98f2-93cbe865b84f,2025-09-18T11:21:54.058339,2025-09-18T11:21:54.058339,2025-09-18 15:21:54,True,False,api_gallery,Lovable,https://lovable.dev,Prompt-to-app web application generator from lovable.dev
2912,Untitled,"Lovable project by  - 14 edits, 18 messages",https://ai-visionary-capture.lovable.app,3d5ef646-34d6-4196-8cda-ac31c7eb12be,2025-09-18T11:21:54.058358,2025-09-18T11:21:54.058359,2025-09-18 15:21:54,True,False,api_gallery,Lovable,https://lovable.dev,Prompt-to-app web application generator from lovable.dev
2913,Untitled,"Lovable project by  - 43 edits, 61 messages",https://savvy-landing-page.lovable.app,ea4b0e9b-812e-41dc-85a2-aa1a50c42fcd,2025-09-18T11:21:54.058376,2025-09-18T11:21:54.058377,2025-09-18 15:21:54,True,False,api_gallery,Lovable,https://lovable.dev,Prompt-to-app web application generator from lovable.dev
3468,Uptime Monitor,Demo Uptime Monitor Site Generated Via Lovable.dev.,https://github.com/notsopreety/uptime-monitor,notsopreety/uptime-monitor,2025-07-05T14:31:51Z,2025-09-18 17:51:35,2025-09-18 17:51:35,True,False,github_search,Lovable,https://lovable.dev,Prompt-to-app web application generator from lovable.dev
3297,Vibe Coding App,My personal project built with lovable,https://github.com/hyderalternative/Vibe-Coding-App,hyderalternative/Vibe-Coding-App,2025-08-06T06:28:13Z,2025-09-18 17:51:35,2025-09-18 17:51:35,True,False,github_search,Lovable,https://lovable.dev,Prompt-to-app web application generator from lovable.dev
3293,Vibrant Anime Avatars,"A real-time anime avatar creator built with Lovable AI, Vite, React, Tailwind CSS, and TypeScript ‚Äî customize, share, and chat in a vibrant community.",https://github.com/Arisha004/vibrant-anime-avatars,Arisha004/vibrant-anime-avatars,2025-08-13T09:17:22Z,2025-09-18 17:51:35,2025-09-18 17:51:35,True,False,github_search,Lovable,https://lovable.dev,Prompt-to-app web application generator from lovable.dev
3423,Vitaecare,"VitaeCare √© um app desktop port√°til para Windows, derivado de um front-end criado no Lovable, que n√£o requer instala√ß√£o. Ele permite cadastrar e consultar (com filtros) √≥leos essenciais e receitas, al√©m de oferecer uma calculadora integrada de dilui√ß√£o e blends para apoiar o uso seguro e r√°pido no dia a dia.",https://github.com/followdrabbit/VitaeCare,followdrabbit/VitaeCare,2025-08-17T16:39:28Z,2025-09-18 17:51:35,2025-09-18 17:51:35,True,False,github_search,Lovable,https://lovable.dev,Prompt-to-app web application generator from lovable.dev
3445,Wave Canvas Magic,wave-canvas-magic.lovable.app,https://github.com/j1hed/wave-canvas-magic,j1hed/wave-canvas-magic,2025-08-15T16:49:17Z,2025-09-18 17:51:35,2025-09-18 17:51:35,True,False,github_search,Lovable,https://lovable.dev,Prompt-to-app web application generator from lovable.dev
3362,Weather App 197518,weather-app - Built with Lovable,https://github.com/Danrozen87/weather-app-197518,Danrozen87/weather-app-197518,2025-07-27T12:26:37Z,2025-09-18 17:51:35,2025-09-18 17:51:35,True,False,github_search,Lovable,https://lovable.dev,Prompt-to-app web application generator from lovable.dev
3356,Weather App 620270,weather-app - Built with Lovable,https://github.com/Danrozen87/weather-app-620270,Danrozen87/weather-app-620270,2025-07-27T13:07:00Z,2025-09-18 17:51:35,2025-09-18 17:51:35,True,False,github_search,Lovable,https://lovable.dev,Prompt-to-app web application generator from lovable.dev
3360,Weather App 917885,weather-app - Built with Lovable,https://github.com/Danrozen87/weather-app-917885,Danrozen87/weather-app-917885,2025-07-27T12:38:38Z,2025-09-18 17:51:35,2025-09-18 17:51:35,True,False,github_search,Lovable,https://lovable.dev,Prompt-to-app web application generator from lovable.dev
3317,Weather App 971103,weather-app - Built with Lovable,https://github.com/Danrozen87/weather-app-971103,Danrozen87/weather-app-971103,2025-07-27T22:39:31Z,2025-09-18 17:51:35,2025-09-18 17:51:35,True,False,github_search,Lovable,https://lovable.dev,Prompt-to-app web application generator from lovable.dev
3374,Weather App 974959,weather-app - Built with Lovable,https://github.com/Danrozen87/weather-app-974959,Danrozen87/weather-app-974959,2025-07-27T09:02:55Z,2025-09-18 17:51:35,2025-09-18 17:51:35,True,False,github_search,Lovable,https://lovable.dev,Prompt-to-app web application generator from lovable.dev
3298,Zhylinski.Pl Cv Lovable,"My Interactive CV ‚Äì zhylinski.pl An AI-enhanced personal website and CV built with Lovable AI. Clean, responsive, and designed to highlight my experience, skills, and projects in a conversational and user-friendly way.",https://github.com/yahorgur/zhylinski.pl-cv-lovable,yahorgur/zhylinski.pl-cv-lovable,2025-08-01T08:20:53Z,2025-09-18 17:51:35,2025-09-18 17:51:35,True,False,github_search,Lovable,https://lovable.dev,Prompt-to-app web application generator from lovable.dev
