Sr,name,Title,Link
,,,
1.0,Base 44,Task management flow,https://task-flow-ae76d02e.base44.app/
2.0,Base 44,Interactive Floating Sidebar UI,https://champions-hub-6b565f70.base44.app/
3.0,Base 44,Tuesday.com,https://tuesdaycom-a6700714.base44.app/login?from_url=https://tuesdaycom-a6700714.base44.app/&app_id=683fe3f0cd50c5dca6700714
4.0,Base 44,Digital Asset Trading Interface,https://crypto-vault-92ae005c.base44.app/
5.0,Base 44,CryptoPulse AI,https://crypto-pulse-ai-20f00aca.base44.app/
6.0,Base 44,AccuPro,https://accu-pro-3d5570b2.base44.app/login?from_url=https://accu-pro-3d5570b2.base44.app/&app_id=68a42ea0e36bc80b3d5570b2
7.0,Base 44,Moda Studio,https://moda-studio-a6695d6f.base44.app/
8.0,Base 44,CODE GEN AI,https://web-craft-ai-00deb66e.base44.app/
9.0,Base 44,Dark glassmorphic interface,https://career-path-ai-a23b9a04.base44.app/
10.0,Base 44,Interactive Globe,https://orbital-4aa2db87.base44.app/
11.0,Base 44,CodeMaster,https://code-master-601a587e.base44.app/login?from_url=https://code-master-601a587e.base44.app/&app_id=689243fcfd14cf0f601a587e
12.0,Base 44,SETH,https://seth-7abf4d54.base44.app/
13.0,Base 44,Financial Education Academy,https://crypto-learn-academy-7b6a5dda.base44.app/
14.0,Base 44,StudyBuddy,https://study-buddy-bdaf6ec8.base44.app/
15.0,Base 44,Serenity- Spa & Salon,https://serenity-788ca716.base44.app/
16.0,Base 44,CompanyHub,https://company-hub-7bfb1fd2.base44.app/login?from_url=https://company-hub-7bfb1fd2.base44.app/&app_id=6892bdd95c8bf96c7bfb1fd2
17.0,Base 44,Star AI,https://star-ai-92adaf05.base44.app/login?from_url=https://star-ai-92adaf05.base44.app/&app_id=6892328263b0c52692adaf05
18.0,Base 44,Burger Builder,https://burger-builder-fcb965ac.base44.app/
19.0,Base 44,ClayMath Solver,https://clay-math-solver-54bc577a.base44.app/
20.0,Base 44,FormForge,https://form-forge-5751d9f5.base44.app/
21.0,Base 44,FunnelFlow,https://funnel-flow-4e544789.base44.app/login?from_url=https://funnel-flow-4e544789.base44.app/&app_id=68a09485648469044e544789
22.0,Base 44,Finara,https://finara-c636f309.base44.app/
23.0,Base 44,Veo3 JSON Prompt Generator,https://veo3-json-prompt-generator-a13f2436.base44.app/
24.0,Base 44,Ekon Finance,https://finance-flow-copy-4bad1730.base44.app/login?from_url=https://finance-flow-copy-4bad1730.base44.app/&app_id=68a654a7ce4a441a4bad1730
25.0,Base 44,Stunning Portfolio,https://prince.base44.app/
26.0,Base 44,CineFlow AI,https://cine-flow-ai-copy-d85542bf.base44.app/
27.0,Base 44,MarketFlow CRM,https://marketflow-crm.base44.app/
28.0,Base 44,Comrades,https://comrades-9d5410b5.base44.app/
29.0,Base 44,CargoWays,https://cargo-ways-a2a59bd7.base44.app/
30.0,Base 44,GameCraft,https://game-craft-copy-689d3be3.base44.app/login?from_url=https://game-craft-copy-689d3be3.base44.app/&app_id=68b519cd47234a67689d3be3
31.0,Base 44,FlowSchedule,https://flow-schedule-b9a0b2cb.base44.app/login?from_url=https://flow-schedule-b9a0b2cb.base44.app/&app_id=683348995fb20756b9a0b2cb
32.0,Base 44,ClientFlow,https://client-flowtiral.base44.app/login?from_url=https://client-flowtiral.base44.app/&app_id=688a1465c30e77f999af6925
33.0,Base 44,Vertex Insights,https://vertex-insights-ffef8e08.base44.app/
34.0,Base 44,EduPro AI,https://edu-pro-ai-0335a7ff.base44.app/login?from_url=https://edu-pro-ai-0335a7ff.base44.app/&app_id=68a594f9f92bd9200335a7ff
35.0,Base 44,DataFlow,https://dataflow.base44.app/login?from_url=https://dataflow.base44.app/&app_id=68b2a51bc744c9d5c0843992
36.0,Base 44,Makuta Pulse,https://makuta-pulse-1c049321.base44.app/
37.0,Base 44,OCR Scan AI,https://ocr-scan-ai-44141471.base44.app/
38.0,Base 44,Momo,https://momo-dfbb7b75.base44.app/
39.0,Base 44,Forex Signals,https://angelforex.base44.app/
40.0,Base 44,Jarvis AI Companion,https://jarvis-ai-companion-fb666dfd.base44.app/login?from_url=https://jarvis-ai-companion-fb666dfd.base44.app/&app_id=68b7de1d0955ec0ffb666dfd
41.0,Base 44,Responsive Two-Column Web Layout,https://nexus-agents-9894942b.base44.app/
42.0,Base 44,CryptoChart AI,https://crypto-chart-ai-11a3cc3f.base44.app/
43.0,Base 44,MathQuest,https://math-quest-4a645547.base44.app/
44.0,Base 44,OsteoScope AI,https://osteo.base44.app/
45.0,Base 44,Stellar Odyssey,https://stellar-odyssey-copy-b64843f3.base44.app/
46.0,Base 44,EcoHustle,https://eco-hustle-10f6d025.base44.app/
47.0,Base 44,Academic Sphere,https://edu-market-237de06a.base44.app/
48.0,Base 44,Aura AI,https://aura-ai-25c20d4e.base44.app/
49.0,Base 44,Vedant TV,https://vedantv.base44.app/
50.0,Base 44,Digma,https://digma-371dfd0d.base44.app/
51.0,Base 44,KaloriScan,https://kalori-scan-84f465be.base44.app/
52.0,Base 44,FinanceHub,https://financehub.base44.app/
53.0,Base 44,PlanifyPro,https://planify-pro-e60a3f9a.base44.app/
54.0,Base 44,ResumeCraft Ai,https://resumecraft-ai-app.base44.app/
55.0,Base 44,SkillSprint Master new skills in minutes,https://skill-sprint-b539fde8.base44.app/
56.0,Base 44,Video YT Summarizer,https://insight-tube-8d15561e.base44.app/
57.0,Base 44,Zyphora AI Chat,https://zyphora-ai-chat-073ca2bf.base44.app/
58.0,Base 44,SpaceFlow,https://space-flow-009dbf9d.base44.app/
59.0,Base 44,HealTogether,https://heal-together-ab5642c1.base44.app/
60.0,Base 44,EduConnect EZ AI,https://edu-connect-ez-ai-0859aa1e.base44.app/
61.0,Base 44,StockMind,https://stock-mind-31d01990.base44.app/login?from_url=https://stock-mind-31d01990.base44.app/&app_id=689e1e4c4d4c1aa031d01990
62.0,Base 44,Planning Poker app,https://planning-poker-ea8ebdc2.base44.app/
63.0,Base 44,Genbook,https://genbook-paratodosl4.base44.app/
64.0,Base 44,Financial Literacy for Kids,https://game-to-teach-financial-concepts-bb182984.base44.app/
65.0,Base 44,Cool Maths!,https://cool-maths-06c19ea8.base44.app/
66.0,Base 44,NoteCraft,https://note-craft.base44.app/
67.0,Base 44,StudentLife Manager,https://student-life-manager-5a7968be.base44.app/
68.0,Base 44,CourseSpark,https://coursespark.base44.app/
69.0,Base 44,Brain Rot Clicker,https://brain-rot-clicker-d64dd0cb.base44.app/
70.0,Base 44,InvoiceMaster - Agentic app,https://invoice-master-ai-bcc85dd2.base44.app/
71.0,Base 44,CreatorHub AI,https://creator-hub-ai-5a5ca7d8.base44.app/
72.0,Base 44,EcoVision,https://eco-vision-98a6fd68.base44.app/
73.0,Base 44,NeuralSearch,https://neural-search-fb29c264.base44.app/login?from_url=https://neural-search-fb29c264.base44.app/&app_id=68b5b36a99a7e6e5fb29c264
74.0,Base 44,ClickSpeed Blitz,https://click-speed-blitz-f9f812a5.base44.app/
75.0,Base 44,Mystic Realms: Echoes of Eldoria(under development),https://echoes-of-eldoria-text-adventure.base44.app/login?from_url=https://echoes-of-eldoria-text-adventure.base44.app/&app_id=68abe39a1bc971e20f010e6a
76.0,Base 44,AutoGod Shop Management,https://auto-god-shop-management.base44.app/login?from_url=https://auto-god-shop-management.base44.app/&app_id=68aae95a499f633df40ed644
77.0,Base 44,Hamro Pasal: Your Digital Wardrobe,https://hamro-pasal-your-digital-wardrobe-fe7f8637.base44.app/login?from_url=https://hamro-pasal-your-digital-wardrobe-fe7f8637.base44.app/&app_id=68ac6e570254697dfe7f8637
78.0,Base 44,CloudVault,https://cloud-vault-a206f3ea.base44.app/login?from_url=https://cloud-vault-a206f3ea.base44.app/&app_id=68a202e1e810c96aa206f3ea
79.0,Base 44,Fit & Fine,https://fit-tracker-2dedaffc.base44.app/login?from_url=https://fit-tracker-2dedaffc.base44.app/&app_id=68bd12f84cc2235d2dedaffc
80.0,Base 44,MessageCraft AI,https://message-craft-ai-0a5d666d.base44.app/
81.0,Base 44,VitalScan Pro,https://vital-scan-pro-baabbbbd.base44.app/
82.0,Base 44,SmartPath AI,https://smart-path-ai-2031e45f.base44.app/login?from_url=https://smart-path-ai-2031e45f.base44.app/&app_id=68b78b2495ee2d8d2031e45f
83.0,Base 44,Run To Monster,https://run-to-monster-878b2f35.base44.app/login?from_url=https://run-to-monster-878b2f35.base44.app/&app_id=68bb34a1c8989aef878b2f35
84.0,Base 44,RiiSE,https://riise1.base44.app/
85.0,Base 44,Heartbeat- Personal management tool,https://heartbeat-f0aeb842.base44.app/login?from_url=https://heartbeat-f0aeb842.base44.app/&app_id=682f6f11a4043e4ff0aeb842
86.0,Base 44,Marco AI,https://marco-ai-16ae0547.base44.app/login?from_url=https://marco-ai-16ae0547.base44.app/&app_id=68ae86714d634c1816ae0547
87.0,Base 44,FitPro- GYM app,https://fit-pro-gym-app-c6cbb3a3.base44.app/
88.0,Base 44,GazeFi AI Marketing OS,https://gaze-fi-ai-marketing-os-bdc43e2e.base44.app/
89.0,Base 44,Kepson Academy,https://app-kepson-academy.base44.app/login?from_url=https://app-kepson-academy.base44.app/&app_id=68a868551cde1a4fb35b3e97
90.0,Base 44,Clever Cub,https://clever-cub-e60a9c1b.base44.app/login?from_url=https://clever-cub-e60a9c1b.base44.app/&app_id=6892a33cece79ca9e60a9c1b
91.0,Base 44,CyberLearn LMS,https://cyber-learn-lms-5b33006e.base44.app/
92.0,Base 44,PantryPal,https://pantry-pal-a5726d04.base44.app/
93.0,Base 44,CardConnect,https://card-connect-c799441c.base44.app/login?from_url=https://card-connect-c799441c.base44.app/&app_id=680eb9ed61eaefd0c799441c
94.0,Base 44,SalesPro,https://sales-pro-91e4a630.base44.app/login?from_url=https://sales-pro-91e4a630.base44.app/&app_id=689aee977138a17691e4a630
95.0,Base 44,SolarTech UP,https://solar-tech-up-d291a9c0.base44.app/
96.0,Base 44,Team Connect,https://team-connect-de883e45.base44.app/login?from_url=https://team-connect-de883e45.base44.app/&app_id=68a65e431733b25cde883e45
97.0,Base 44,Caribean Escapes,https://caribe-escapes-8e187afe.base44.app/
98.0,Base 44,MathMaster,https://math-master-fe8931d7.base44.app/
99.0,Base 44,StudyFlow,https://study-flow-dd98ea5f.base44.app/login?from_url=https://study-flow-dd98ea5f.base44.app/&app_id=68adef320f19cfd0dd98ea5f
100.0,Base 44,Remo,https://remo-4d912058.base44.app/
101.0,Base 44,VibezVerse,https://vibez-verse-1289f31a.base44.app/
102.0,Base 44,CreatorFlow,https://creator-flow-92e08250.base44.app/
103.0,Base 44,TechQuiz Master,https://tech-quiz-master-57681399.base44.app/login?from_url=https://tech-quiz-master-57681399.base44.app/&app_id=68b864ef16bfc72d57681399
104.0,Base 44,PaintPlayground,https://paint-playground-9fb6b943.base44.app/
105.0,Base 44,TaskMaster,https://task-master-a8644061.base44.app/login?from_url=https://task-master-a8644061.base44.app/&app_id=68af598d93dc919ea8644061
106.0,Base 44,AI trading,https://ai-trading-53e8a043.base44.app/
107.0,Base 44,Task Done,https://task-done-60311488.base44.app/login?from_url=https://task-done-60311488.base44.app/&app_id=689de7e29f1f907660311488
108.0,Base 44,"I'm Bored, I'm High",https://im-bored-im-high-0e6d1167.base44.app/
109.0,Base 44,FitCraft !,https://fit-craft-bef5db37.base44.app/
110.0,Base 44,HydroGrow AI,https://hydro-grow-ai-de8ccb8c.base44.app/
111.0,Base 44,PersonaForge AI,https://persona-forge-ai-3fcae5b1.base44.app/login?from_url=https://persona-forge-ai-3fcae5b1.base44.app/&app_id=68ab475f543144473fcae5b1
112.0,Base 44,Adarsh Portfolio,https://adarshui-6631307f.base44.app/
113.0,Base 44,RDA Invoice,https://rda-invoice.base44.app/
114.0,Base 44,TimeFlow,https://clever-time-flow.base44.app/
115.0,Base 44,R.K HELLO CENTRE: Mobile Inventory & Billing,https://rk-hello-centre-mobile-inventory-59d9ffd6.base44.app/
116.0,Base 44,EchoCalendar,https://echo-calendar-2554e603.base44.app/
117.0,Base 44,K0NNERS,https://k0nners.base44.app/login?from_url=https://k0nners.base44.app/&app_id=68b709c7978aa690e2d65b81
118.0,Base 44,Resend Integration - Newsletter.AI,https://newsletter-ai-7d6aea34.base44.app/
119.0,Base 44,Health Analyzer,https://vitality-compass-a94f48c6.base44.app/login?from_url=https://vitality-compass-a94f48c6.base44.app/&app_id=68aa0cc2305698b8a94f48c6
120.0,Base 44,StudyBuddy AI,https://study-buddy-ai-99d321a8.base44.app/
121.0,Base 44,Home,https://home-6d38a091.base44.app/
122.0,Base 44,RetinaGuard AI,https://retina-guard-ai-253e27d1.base44.app/
123.0,Base 44,MONEYTALKS,https://trade-master-pro-e80b2549.base44.app/
124.0,Base 44,Syllabi,https://syllabi-cb97aa73.base44.app/
125.0,Base 44,NovaSearch,http://query-sphere-a8485f62.base44.app/login?from_url=https://query-sphere-a8485f62.base44.app/&app_id=68b5d2ea45fd9f75a8485f62
126.0,Base 44,FitAI Coach,https://fit-ai-coach-c0d81a51.base44.app/
127.0,Base 44,STORE APP,https://store-app-06fdcaa4.base44.app/
128.0,Base 44,MathQuest,https://math-quest-a81b02f4.base44.app/
129.0,Base 44,Booyah Battles,https://battle-arena-pro-copy-f7aeca63.base44.app/login?from_url=https://battle-arena-pro-copy-f7aeca63.base44.app/&app_id=68bb110fb4613104f7aeca63
130.0,Base 44,Flowtask,https://flowtask-b3988cf6.base44.app/
131.0,Base 44,NutriChef,https://nutri-chef-c1884f01.base44.app/login?from_url=https://nutri-chef-c1884f01.base44.app/&app_id=68afe15e82b4ef00c1884f01
132.0,Base 44,EcoGrants PK 2.0,https://eco-grants-pk-20-31eae5ba.base44.app/
133.0,Base 44,SchoolNest,https://school-nest-cd43fcae.base44.app/
134.0,Base 44,VirtualBizCenter,https://virtual-biz-center-fbf7b49c.base44.app/
135.0,Base 44,FlownIX,https://flown-ix-55ec2bf6.base44.app/
136.0,Base 44,E-Trail,https://e-trail-6a239ce1.base44.app/login?from_url=https://e-trail-6a239ce1.base44.app/&app_id=688f3f18ac87f6526a239ce1
137.0,Base 44,Snamgram,https://snamgram-f6534afc.base44.app/login?from_url=https://snamgram-f6534afc.base44.app/&app_id=68ae740020d0fdd0f6534afc
138.0,Base 44,mirae f&b,https://apex-executive-suite-26856dbb.base44.app/
139.0,Base 44,LexiFlow,https://lexi-flow-11fef6eb.base44.app/login?from_url=https://lexi-flow-11fef6eb.base44.app/&app_id=68bf38575325ed4211fef6eb
140.0,Base 44,CogniFit Seniors,https://cogni-fit-seniors-e7b7301b.base44.app/
141.0,Base 44,POS System Finder,https://pos-systems.base44.app/
142.0,Base 44,FutureAI | Solution for Future,https://automate-x-2928bf39.base44.app/
143.0,Base 44,Original Bloom,https://serenity-bloom-73b20cc2.base44.app/
144.0,Base 44,PredictWin 77,https://predict-win-77-fa49411a.base44.app/login?from_url=https://predict-win-77-fa49411a.base44.app/&app_id=6886e310ce925b03fa49411a
145.0,Base 44,MarketGenius,https://market-genius-29aac378.base44.app/login?from_url=https://market-genius-29aac378.base44.app/&app_id=68a8859f2b18156729aac378
146.0,Base 44,Global Organics Hub,https://global-organics-hub-beae2777.base44.app/login?from_url=https://global-organics-hub-beae2777.base44.app/&app_id=68a2b92f505cfc79beae2777
147.0,Base 44,AutismCare,https://autism-care-4be10db0.base44.app/login?from_url=https://autism-care-4be10db0.base44.app/&app_id=68973685290c03544be10db0
148.0,Base 44,GodKo Video Studio,https://god-ko.base44.app/login?from_url=https://god-ko.base44.app/&app_id=68b6bb4148a563cedb1d8980
149.0,Base 44,Kiss Moissanite - Design It Yourself Jewelry,https://km-design-factory-fcb0f4ea.base44.app/
150.0,Base 44,Crafty Cards Commerce,https://crafty-cards-commerce-cc3f1faa.base44.app/
151.0,Base 44,Ezbooking,https://ezbooking.base44.app/
152.0,Base 44,LoveLink,https://love-link-d46219a9.base44.app/login?from_url=https://love-link-d46219a9.base44.app/&app_id=68aef2fd45ff0551d46219a9
153.0,Base 44,MEGA DESIGN,https://mega-design-2d15dd95.base44.app/login?from_url=https://mega-design-2d15dd95.base44.app/&app_id=68baf7f79b3db69d2d15dd95
154.0,Base 44,EmotiSense - Real-time Emotion Debugger,https://emoti-sense-9936709e.base44.app/
155.0,Base 44,Math Star,https://math-star-c3908db2.base44.app/
156.0,Base 44,Rohvi code's,https://rohvi-code-fc674e94.base44.app/
157.0,Base 44,Office Expenses Tracker,https://oicl-office-expenses-tracker-787dc21f.base44.app/
158.0,Base 44,Gudang BM,https://gudang-bm-1fef0aba.base44.app/
159.0,Base 44,WorldWander,https://world-wander-26b35cf7.base44.app/
160.0,Base 44,Portfolio,https://brutal-portfolio-3102c156.base44.app/
161.0,Base 44,ClaySpend,https://clay-spend.base44.app/
162.0,Base 44,My Expenses,https://pocket-wise-502c3855.base44.app/
163.0,Base 44,Yulna,https://yulna-a9c945c7.base44.app/
164.0,Base 44,LumiannE,https://lumiann-e-0ca0b4f8.base44.app/
165.0,Base 44,Bhavna,https://bhavna-ac50b87b.base44.app/
166.0,Base 44,ScholarlyAI,https://scholarly-ai-34bd99ac.base44.app/
167.0,Base 44,Quantify TradingBot,https://cryptopro.base44.app/
168.0,Base 44,MathMind,https://math-mind-19b23f2e.base44.app/
169.0,Base 44,Higher Point of View,https://higher-point-of-view-4e2625c1.base44.app/
170.0,Base 44,Creative Lab,https://creative-lab-a5abd5a6.base44.app/
171.0,Base 44,Bachloer Student's Budget Tracker,https://student-budget-tracker-d5dc4bf3.base44.app/login?from_url=https://student-budget-tracker-d5dc4bf3.base44.app/&app_id=689b0d5ffdbfd34cd5dc4bf3
172.0,Base 44,maldives Restaurant & Cafe Guide,https://maldives-restaurant-cafe-guide-f9e83cf5.base44.app/
173.0,Base 44,CUSTOMS PRO (VEHICLES),https://customs-pro-vehicles-0b793c36.base44.app/
174.0,Base 44,CyberGuardian,https://cyberguardian-safetyfirst-7a9s.base44.app/login?from_url=https://cyberguardian-safetyfirst-7a9s.base44.app/&app_id=68b77a225a2ca171a3fca646
175.0,Base 44,ShareKaro,https://share-now-file-10b1567f.base44.app/
176.0,Base 44,VidGrabber,https://vid-grabber-3b2770f8.base44.app/login?from_url=https://vid-grabber-3b2770f8.base44.app/&app_id=68c0d0209e9ee0f93b2770f8
177.0,Base 44,Free online file encryption site ‚Äì LockForge,https://lock-forge-df69f33b.base44.app/login?from_url=https://lock-forge-df69f33b.base44.app/&app_id=68b5ce2463b2b308df69f33b
178.0,Base 44,BorrowBuddy,https://borrow-buddy-2e9a3c1b.base44.app/
179.0,Base 44,UCoder,https://ucoder.base44.app/login?from_url=https://ucoder.base44.app/&app_id=68b9e542d37ccdee15482644
180.0,Base 44,SSHFL fighter,https://sillyfighter101.base44.app/
181.0,Base 44,Milk üçº,https://milk-cc515d2b.base44.app/login?from_url=https://milk-cc515d2b.base44.app/&app_id=68ace5cb5b3d51aacc515d2b
182.0,Base 44,MathMaster Adventures,https://bluey-llama-math-masters.base44.app/
183.0,Base 44,CreatorHub,https://creator-hub-fcc9715d.base44.app/
184.0,Base 44,DailyMoney,https://dailymoney.base44.app/
185.0,Base 44,SETH AI,https://seth-ai-ebe1719c.base44.app/
186.0,Base 44,SplitMate,https://trip-splitter-pro-816eb18c.base44.app/
187.0,Base 44,NutrishPlan Pro,https://nutrish-plan-pro-fc6f6611.base44.app/login?from_url=https://nutrish-plan-pro-fc6f6611.base44.app/&app_id=68a89b650722d741fc6f6611
188.0,Base 44,TradeMind,https://trade-mind-cd5feef6.base44.app/
189.0,Base 44,PupPack,https://pup-pack-7ec529d4.base44.app/
190.0,Base 44,Campaign in a Box,https://app.base44.com/app-templates
191.0,Base 44,WestCoast,https://west-coast-38da1fbb.base44.app/
192.0,Base 44,Pura Vida Connect,https://pura-vida-connect-340564ee.base44.app/
193.0,Base 44,Vertex Insights,https://vertex-insights-ffef8e08.base44.app/
194.0,Base 44,DataFlow,https://dataflow.base44.app/
195.0,Base 44,OCR Scan AI,https://ocr-scan-ai-44141471.base44.app/
196.0,Base 44,Momo,https://momo-dfbb7b75.base44.app/
197.0,Base 44,Forex Signals,https://angelforex.base44.app/
198.0,Base 44,Jarvis AI Companion,https://jarvis-ai-companion-fb666dfd.base44.app/login?from_url=https://jarvis-ai-companion-fb666dfd.base44.app/&app_id=68b7de1d0955ec0ffb666dfd
199.0,Base 44,CryptoChart AI,https://crypto-chart-ai-11a3cc3f.base44.app/
200.0,Base 44,Responsive Two-Column Web Layout,https://nexus-agents-9894942b.base44.app/
201.0,Base 44,MathQuest,https://math-quest-4a645547.base44.app/
202.0,Base 44,OsteoScope AI,https://osteo.base44.app/
203.0,Base 44,Stellar Odyssey,https://stellar-odyssey-copy-b64843f3.base44.app/
204.0,Base 44,Academic Sphere,https://edu-market-237de06a.base44.app/
205.0,Base 44,EcoHustle,https://eco-hustle-10f6d025.base44.app/
206.0,Base 44,Aura AI,https://aura-ai-25c20d4e.base44.app/
207.0,Base 44,Vedant TV,https://vedantv.base44.app/login?from_url=https://vedantv.base44.app/&app_id=68aec74f0d8a250f1eef4f2c
208.0,Base 44,KaloriScan,https://kalori-scan-84f465be.base44.app/login?from_url=https://kalori-scan-84f465be.base44.app/&app_id=68714cb109e8f14984f465be
209.0,Base 44,Digma,https://digma-371dfd0d.base44.app/login?from_url=https://digma-371dfd0d.base44.app/&app_id=68949b39c6e0cae7371dfd0d
210.0,Base 44,FinanceHub,https://financehub.base44.app/login?from_url=https://financehub.base44.app/&app_id=68b2f52a5e837626b140c371
211.0,Base 44,ResumeCraft Ai,https://resumecraft-ai-app.base44.app/login?from_url=https://resumecraft-ai-app.base44.app/&app_id=68ae9d255750f4323cc54c1d
212.0,Base 44,PlanifyPro,https://planify-pro-e60a3f9a.base44.app/
213.0,Base 44,SkillSprint Master new skills in minutes,https://skill-sprint-b539fde8.base44.app/login?from_url=https://skill-sprint-b539fde8.base44.app/&app_id=6897a7971fde4389b539fde8
214.0,Base 44,HealTogether,https://heal-together-ab5642c1.base44.app/login?from_url=https://heal-together-ab5642c1.base44.app/&app_id=68ab0e661d5bd3a0ab5642c1
215.0,Base 44,Video YT Summarizer,https://insight-tube-8d15561e.base44.app/login?from_url=https://insight-tube-8d15561e.base44.app/&app_id=6895c5befe6318048d15561e
216.0,Base 44,Zyphora AI Chat,https://zyphora-ai-chat-073ca2bf.base44.app/
217.0,Base 44,SpaceFlow,https://space-flow-009dbf9d.base44.app/login?from_url=https://space-flow-009dbf9d.base44.app/&app_id=6873a0b267e06fc9009dbf9d
218.0,Base 44,EduConnect EZ AI,https://edu-connect-ez-ai-0859aa1e.base44.app/login?from_url=https://edu-connect-ez-ai-0859aa1e.base44.app/&app_id=689d394f87f7617d0859aa1e
219.0,Base 44,StockMind,https://stock-mind-31d01990.base44.app/login?from_url=https://stock-mind-31d01990.base44.app/&app_id=689e1e4c4d4c1aa031d01990
220.0,Base 44,Planning Poker app,https://planning-poker-ea8ebdc2.base44.app/
221.0,Base 44,Financial Literacy for Kids,https://game-to-teach-financial-concepts-bb182984.base44.app/login?from_url=https://game-to-teach-financial-concepts-bb182984.base44.app/&app_id=68729fa02258f058bb182984
222.0,Base 44,Cool Maths!,https://cool-maths-06c19ea8.base44.app/
223.0,Base 44,Genbook,https://genbook-paratodosl4.base44.app/login?from_url=https://genbook-paratodosl4.base44.app/&app_id=689a21b50200aad9d6a9cf61
224.0,Base 44,NoteCraft,https://note-craft.base44.app/
225.0,Base 44,StudentLife Manager,https://student-life-manager-5a7968be.base44.app/
226.0,Base 44,CourseSpark,https://coursespark.base44.app/
227.0,Base 44,FitFaith,https://fit-faith-c5082b82.base44.app/login?from_url=https://fit-faith-c5082b82.base44.app/&app_id=68abb282565d5e8cc5082b82
228.0,Base 44,BP Portfolio,http://jcc-portfolio-a94eb366.base44.app/login?from_url=https://jcc-portfolio-a94eb366.base44.app/&app_id=68a95f4f305698b8a94eb366
229.0,Base 44,SageNotes,https://easylearnnotes.base44.app/
230.0,Base 44,RuckUp,https://ruck-up-c2b03661.base44.app/login?from_url=https://ruck-up-c2b03661.base44.app/&app_id=68b046df8aab3953c2b03661
231.0,Base 44,DailyFlow,https://daily-flow-717e2f19.base44.app/
232.0,Base 44,Life Manager,https://lifemanager.base44.app/
233.0,Base 44,NeuroBloom,https://neurobloom.base44.app/
234.0,Base 44,VolunTrack,https://volun-track-95c5fff0.base44.app/
235.0,Base 44,JARVIS AI Assistant,https://ironmanaiapp.base44.app/
236.0,Base 44,Organ State,https://organ-state.base44.app/
237.0,Base 44,AppGenius APP,https://app-genius-copy-ebb1ef85.base44.app/
238.0,Base 44,FOOBROS,https://food-service-hub-19d26c31.base44.app/
239.0,Base 44,Quote,https://quote-master-copy-99ef3bc0.base44.app/login?from_url=https://quote-master-copy-99ef3bc0.base44.app/&app_id=68b8f39b0f7f621699ef3bc0
240.0,Base 44,Chrono Flows,https://chrono-flows-6cd7298d.base44.app/login?from_url=https://chrono-flows-6cd7298d.base44.app/&app_id=68a339a04e37876e6cd7298d
241.0,Base 44,Calorie Crusher,https://calorie-crusher.base44.app/
242.0,Base 44,Math Adventures,https://math-adventures-a94dcd4c.base44.app/
243.0,Base 44,IEEE-754 Floating Point Converter,https://ieee-754-floating-point-converter-f64c3e7e.base44.app/
244.0,Base 44,VoiceBot,https://shree-krishna-f41c2539.base44.app/login?from_url=https://shree-krishna-f41c2539.base44.app/&app_id=68ab6592ae5ad7b6f41c2539
245.0,Base 44,Financify,https://financify-94248618.base44.app/
246.0,Base 44,letsentertain,https://connect-sphere-fa4dc002.base44.app/
247.0,Base 44,Vyra: AI Stress Tracker,https://vyra-ai-stress-tracker-7595fe0d.base44.app/
248.0,Base 44,WeeklyWise,https://weekly-wise-d4acbbe5.base44.app/
249.0,Base 44,CanteenFlow,https://hhcanteen.base44.app/
250.0,Base 44,BaseTable,https://base-table-e4f3a2cd.base44.app/
251.0,Base 44,Finance Porfolio Generator,https://howtoinvest.base44.app/
252.0,Base 44,Adams SEO,https://adamsseo.base44.app/login?from_url=https://adamsseo.base44.app/&app_id=6887f67736d0e3d08261e1e0
253.0,Base 44,StrainSnap,https://strain-snap-fc760161.base44.app/
254.0,Base 44,Momentum Amplify,https://momentum-amplify-29f28e60.base44.app/login?from_url=https://momentum-amplify-29f28e60.base44.app/&app_id=68a9ea550202102129f28e60
255.0,Base 44,CyberSkills Arena,https://cyber-skills-arena.base44.app/
256.0,Base 44,Clinky,https://clinkycc.base44.app/
257.0,Base 44,MathMaster: The Fun Math Adventure,https://mathmaster-thefunmathadventure.base44.app/
258.0,Base 44,Mystic Brew,https://mystic-brew-268086aa.base44.app/login?from_url=https://mystic-brew-268086aa.base44.app/&app_id=68b065b98029f6c6268086aa
259.0,Base 44,Buildr Index,https://buildr-index-982174eb.base44.app/login?from_url=https://buildr-index-982174eb.base44.app/&app_id=689824fa9d9885c2982174eb
260.0,Base 44,Working Hours,https://time-flow-copy-e426c6ad.base44.app/
261.0,Base 44,Notes from a b tech brain,https://notes-from-a-b-tech-brain-a7c8cb89.base44.app/
262.0,Base 44,Tzolkin Journal,https://tzolkin-journal-b86bf67c.base44.app/login?from_url=https://tzolkin-journal-b86bf67c.base44.app/&app_id=689f34c78bc14d5cb86bf67c
263.0,Base 44,UOK,https://uok-10e03aa8.base44.app/
264.0,Base 44,E-blkn Hosting,https://e-blkn-copy-d803e4e5.base44.app/
265.0,Base 44,EcoFlux,https://time-lab-scientist-conversations-c5f38d0d.base44.app/
266.0,Base 44,TRACKING,https://build-track-01fb174e.base44.app/
267.0,Base 44,Aura Works,https://auraworks.base44.app/login?from_url=https://auraworks.base44.app/&app_id=68bede2b4a0063e96afb5d8f
268.0,Base 44,WrapBooks,https://wrap-ledger.base44.app/
269.0,Base 44,Connect neighbor APP,https://barrio-conecta-copy-b4819e05.base44.app/
270.0,Base 44,Aiva,https://assist-flow-b57bdaa3.base44.app/
271.0,Base 44,SNISHOP.ID,https://snishopid-2907fba4.base44.app/login?from_url=https://snishopid-2907fba4.base44.app/&app_id=688b2701817086ab2907fba4
272.0,Base 44,Geck Inspect,https://geck-inspect-926ab6cb.base44.app/
273.0,Base 44,Workplace Wellness - Free ME South Africa,https://fmsa-report.base44.app/
274.0,Base 44,Harvin‚Äôs Automotive AI Assistant,https://harvinsautoai.base44.app/
275.0,Base 44,SREC Found IT,https://santhosh-srec-foundit.base44.app/
276.0,Base 44,QUESTION.ai,https://intelli-quest-1b59b8e1.base44.app/
277.0,Base 44,GourmetGo APP,https://gourmet-go-bbffd213.base44.app/
278.0,Base 44,"FMSA: Educate, Protect, Action",https://fmsa.base44.app/
279.0,Base 44,Help desk Support,https://help-desk-support-8b962ab2.base44.app/
280.0,Base 44,CompressMax,https://compress-max.base44.app/
281.0,Base 44,MoneyMap,https://lifehubapp.base44.app/
282.0,Base 44,Threaded,https://threaded.base44.app/
283.0,Base 44,JEE Ace,https://jee-ace-8d204e18.base44.app/
284.0,Base 44,Workhospitality,https://workhospitality-681ed254.base44.app/
285.0,Base 44,Freedom Path,https://freedom-path-computer-1d8b6e76.base44.app/
286.0,Base 44,Hacksy,https://daily-helper-cb2be815.base44.app/
287.0,Base 44,SwapSquare,https://swapsquare.base44.app/
288.0,Base 44,Finvision,https://finvision-3fbd0904.base44.app/
289.0,Base 44,TokenizedMine,https://tokenized-mine-a69b96e0.base44.app/login?from_url=https://tokenized-mine-a69b96e0.base44.app/&app_id=689fd90b36feac7da69b96e0
290.0,Base 44,EcoSphere,https://eco-sphere-3a3c28ed.base44.app/
291.0,Base 44,Snooker Meulebeke,https://snooker-meulebeke.base44.app/
292.0,Base 44,Grand Theft Stag,https://grandtheftstag.base44.app/
293.0,Base 44,Glidron,https://glidi.base44.app/
294.0,Base 44,Convertio,https://convertio-b3e6d261.base44.app/
295.0,Base 44,Kitsu on Base44,https://kitsu.base44.app/
296.0,Base 44,DPPPI Print & Go,https://dpppi-print-go-85586939.base44.app/
297.0,Base 44,Daniel Amorim,https://app.base44.com/app-templates
298.0,Base 44,ChitFunds Pro,https://sschitfunds.base44.app/login?from_url=https://sschitfunds.base44.app/&app_id=68aa80ecb0aef1e50b7ddce7
299.0,Base 44,Supergood,https://super-read.base44.app/
300.0,Base 44,Sistema ABA,https://sistemaaba.base44.app/login?from_url=https://sistemaaba.base44.app/&app_id=68b9c080457ef6ef3e4c6e30
301.0,Base 44,NXTLVL Launch,https://nxtlvllaunch.base44.app/
