Sr,Name,Title,Link
1,Replit_Gallery,Solar System Visualization,https://solar-system-viz.replit.app/
2,Replit_Gallery,Journey Mapper,https://journey.productfuture.com/
3,Replit_Gallery,Invites Page,https://invites.page/
4,Replit_Gallery,Your Watchlists,https://yourwatchlists.com/
5,Replit_Gallery,RevCrew.ai,https://revcrew.ai/
6,Replit_Gallery,LunchVote AI,https://lunchvote.matyasi.me/
7,Replit_Gallery,StaySaavy,https://staysaavy.com/
8,Replit_Gallery,NutriPlan,https://mynutriplan.replit.app/
9,Replit_Gallery,The FontCrafter,https://thefontcrafter-info7001.replit.app/
10,Replit_Gallery,PubMeld,https://pubmeld.com/
11,Replit_Gallery,Legal Assistant,https://legal-assistant-template.replit.app/
12,Replit_Gallery,GuruQore,https://ai-vibe-marketing.replit.app/
13,Replit_Gallery,RaceTimes,https://racetimes.replit.app/
14,Replit_Gallery,SF Park Mapper,https://sf-park-mapper.replit.app/
15,Replit_Gallery,Hot Venues Guide,https://matts-recs.replit.app/
16,Replit_Gallery,NFL War Room,https://nfldrafthq.com/
17,Replit_Gallery,Support Bot AI,https://support-bot-template.replit.app/
18,Replit_Gallery,SpaceTime AI,https://spacetime-ai.replit.app/
19,Replit_Gallery,Sarasota.tech,https://sarasota.tech/
20,Replit_Gallery,Apriority,https://earlyaccess.apriority.ai/
21,Replit_Gallery,Wayfinder Calculator,https://wayfinder-calculatorv3.replit.app/
22,Replit_Gallery,iboomm,https://iboomm.com/
23,Replit_Gallery,CareerCloud,https://careercloud.io/
24,Replit_Gallery,Public Imaginary,https://www.publicimaginary.ai/discover
25,Replit_Gallery,Questa,https://questa-pomo.replit.app/
26,Replit_Gallery,Crypto Price Tracker,https://crypto-price-tracker.replit.app/
27,Replit_Gallery,StreamFlix,https://stream-flix.replit.app/
28,Replit_Gallery,User Insights Hub,https://user-insights-hub.replit.app/
29,Replit_Gallery,Plumz,https://plumz.app/
30,Replit_Gallery,Lead Scoring Tool,https://matts-lead-scoring-app.replit.app/
31,Replit_Gallery,Storypot,https://app.thestorypot.com/
32,Replit_Gallery,Singleparent.co,https://single-parent.replit.app/
33,Replit_Gallery,WordLeap,https://wordleap.co.uk/
34,Replit_Gallery,SwiftROI,https://swiftroi.app/
35,Replit_Gallery,TaxEase,https://tax-ease.in/
36,Replit_Gallery,Cube Slide,https://cubeslide.replit.app/
37,Replit_Gallery,Survival,https://survival-game.replit.app/
38,Replit_Gallery,Customer Sentiment Dashboard,https://customer-sentiment-demo.replit.app/
39,Replit_Gallery,JoyLoop,https://joyloop.ai/
40,Replit_Gallery,Inflinks,https://inflinks.com/
41,Replit_Gallery,Epic Dev Battles of History,https://epicdevbattlesofhistory.com/
42,Replit_Gallery,CoachEngineAI,https://coachengine.ai/
43,Replit_Gallery,Cosmic Journal,https://cosmic-journal.replit.app/
44,Replit_Gallery,SaaStr.ai VC Valuation Calculator,https://saastr.ai/valuation-calculator
45,Replit_Gallery,Notion Work Personality Quiz,https://notion-quiz.replit.app/quiz
46,Replit_Gallery,Vendor Vault,https://vendor-vault.ai/
47,Replit_Gallery,atomical.ai,https://atomical.ai/
48,Replit_Gallery,CandidateMatch,https://candidatematch.replit.app/
49,Replit_Gallery,Styles Forge,https://styles.felixobinna.com/
50,Replit_Gallery,SalesGPT,https://salesgpt.mx/
51,Replit_Gallery,F2Insights,https://f2insights.com/
52,Replit_Gallery,PruE AI,https://www.prue.ai/
53,Replit_Gallery,LustrewSign,https://lustrewsign.com/
54,Replit_Gallery,TalentVue.ai,https://talentvue.ai/
55,Replit_Gallery,Colab Jetpack,https://colabjetpack.com/
56,Replit_Gallery,Sprout & Bloom Playschool,https://sproutandbloomplayschool.com/
57,Replit_Gallery,MathGauss,https://mathgauss.com/
58,Replit_Gallery,CantoYo,https://cantoyo.com/
59,Replit_Gallery,GRRIIDD,https://grriidd.replit.app/
